candidate_id,rank,score,reasoning,profile_anonymized_name,profile_headline,profile_summary,profile_location,profile_country,profile_years_of_experience,profile_current_title,profile_current_company,profile_current_company_size,profile_current_industry,skills_list,career_history_summary,education_summary,certifications_summary,signal_profile_completeness_score,signal_signup_date,signal_last_active_date,signal_open_to_work_flag,signal_profile_views_received_30d,signal_applications_submitted_30d,signal_recruiter_response_rate,signal_avg_response_time_hours,signal_connection_count,signal_endorsements_received,signal_notice_period_days,signal_expected_salary_min,signal_expected_salary_max,signal_preferred_work_mode,signal_willing_to_relocate,signal_github_activity_score,signal_search_appearance_30d,signal_saved_by_recruiters_30d,signal_interview_completion_rate,signal_offer_acceptance_rate,signal_verified_email,signal_verified_phone,signal_linkedin_connected
CAND_0018499,1,0.6635,"Senior Machine Learning Engineer with 7.2 YOE based in Noida, Uttar Pradesh (open to relocation), strong JD alignment via: Embeddings.",Aarav Trivedi,Senior Machine Learning Engineer | Building AI-native search & ranking systems,"Senior AI engineer with 7.2 years of hands-on experience building production ML systems, with a focus on search, retrieval, and ranking. Most recently, I designed the company's first hybrid retrieval system combining BM25 with dense vector recall, serving 50M+ queries per month. My day-to-day work spans embedding model selection and fine-tuning, hybrid retrieval architecture, learning-to-rank, behavioral-signal integration, and the offline/online evaluation that ties it all together. I've shipped systems in both early-stage product companies and at larger scale, and I've spent enough time on both that I know which tradeoffs apply where. I have strong opinions about when LLMs are the right hammer and when classical IR is — usually it's both. Currently exploring my next move — looking for senior IC or tech-lead roles where I can own the intelligence layer end-to-end.","Noida, Uttar Pradesh",India,7.2,Senior Machine Learning Engineer,Zomato,5001-10000,Food Delivery,"Deep Learning (expert), Weaviate (expert), Recommendation Systems (expert), scikit-learn (expert), Diffusion Models (advanced), Pinecone (advanced), Information Retrieval (advanced), Milvus (expert), QLoRA (expert), RAG (expert), Embeddings (expert), Learning to Rank (expert), CNN (intermediate), Go (beginner), BM25 (advanced), LangChain (advanced), Weights & Biases (intermediate)",Senior Machine Learning Engineer at Zomato (26 mos) | Staff Machine Learning Engineer at Google (18 mos) | Senior Machine Learning Engineer at Flipkart (42 mos),B.Sc in Artificial Intelligence from Massachusetts Institute of Technology | M.S. in Data Science from NIT Surathkal,"Google Cloud Professional ML Engineer, NLP Specialization",98.0,2025-03-11,2026-05-13,True,75,18,0.61,59.6,1839,189,15,36.8,56.6,remote,True,94.8,1291,16,0.8,0.75,True,True,True
CAND_0011687,2,0.6328,"Senior NLP Engineer with 7.8 YOE based in Indore, Madhya Pradesh, strong JD alignment via: Embeddings.",Shreya Tiwari,Senior NLP Engineer | Production ML at scale | 7.8+ yrs,"Senior AI engineer with 7.8 years of hands-on experience building production ML systems, with a focus on search, retrieval, and ranking. Most recently, I owned the offline-online evaluation harness — NDCG/MRR/recall calibrated to live A/B metrics, with an index footprint of ~600GB and incremental refresh every 15 min. My day-to-day work spans embedding model selection and fine-tuning, hybrid retrieval architecture, learning-to-rank, behavioral-signal integration, and the offline/online evaluation that ties it all together. I've shipped systems in both early-stage product companies and at larger scale, and I've spent enough time on both that I know which tradeoffs apply where. I believe most ranking problems are solved by careful feature engineering and rigorous eval, not by bigger models. Currently exploring my next move — looking for senior IC or tech-lead roles where I can own the intelligence layer end-to-end.","Indore, Madhya Pradesh",India,7.8,Senior NLP Engineer,Niramai,51-200,HealthTech AI,"TensorFlow (expert), OpenSearch (expert), FAISS (advanced), PEFT (expert), Feature Engineering (intermediate), Embeddings (expert), LangChain (expert), MLOps (advanced), Weaviate (expert), PyTorch (advanced), Image Classification (advanced), Semantic Search (advanced), LlamaIndex (expert)",Senior NLP Engineer at Niramai (52 mos) | Senior Machine Learning Engineer at Krutrim (40 mos),Ph.D in Artificial Intelligence from IIT Delhi,,64.9,2025-01-07,2026-05-10,True,309,16,0.89,7.5,403,77,15,28.7,60.7,hybrid,False,76.3,403,27,0.77,0.6,True,True,True
CAND_0071974,3,0.6299,"Senior AI Engineer with 7.8 YOE based in Vizag, Andhra Pradesh, strong JD alignment via: Embeddings.",Sai Verma,Senior AI Engineer | Production ML at scale | 7.8+ yrs,"Senior AI engineer with 7.8 years of hands-on experience building production ML systems, with a focus on search, retrieval, and ranking. Most recently, I led the migration from keyword-based ranking to a learning-to-rank model with embedded behavioral signals, handling peak QPS of 8K with sub-200ms p95. My day-to-day work spans embedding model selection and fine-tuning, hybrid retrieval architecture, learning-to-rank, behavioral-signal integration, and the offline/online evaluation that ties it all together. I've shipped systems in both early-stage product companies and at larger scale, and I've spent enough time on both that I know which tradeoffs apply where. I believe most ranking problems are solved by careful feature engineering and rigorous eval, not by bigger models. Currently exploring my next move — looking for senior IC or tech-lead roles where I can own the intelligence layer end-to-end.","Vizag, Andhra Pradesh",India,7.8,Senior AI Engineer,Netflix,10001+,Media,"LoRA (advanced), Learning to Rank (advanced), Weaviate (expert), PEFT (advanced), BM25 (expert), Pinecone (expert), Machine Learning (advanced), Information Retrieval (advanced), Qdrant (expert), Embeddings (expert), CNN (advanced), RAG (advanced), MLOps (advanced), Forecasting (advanced), Sentence Transformers (expert), Content Writing (intermediate), Speech Recognition (advanced), Elasticsearch (expert), Object Detection (intermediate)",Senior AI Engineer at Netflix (50 mos) | Staff Machine Learning Engineer at Meta (28 mos) | Staff Machine Learning Engineer at Mad Street Den (14 mos),M.Sc in Artificial Intelligence from NIT Warangal,"Google Cloud Professional ML Engineer, NLP Specialization",87.1,2025-05-07,2026-04-16,True,335,14,0.76,38.2,1898,167,45,46.7,58.1,onsite,False,82.8,132,50,0.85,-1,True,True,True
CAND_0046525,4,0.6257,"Senior Machine Learning Engineer with 6.1 YOE based in Pune, Maharashtra (open to relocation), strong JD alignment via: LLMs.",Tanvi Mukherjee,Senior Machine Learning Engineer | Building AI-native search & ranking systems,"Senior AI engineer with 6.1 years of hands-on experience building production ML systems, with a focus on search, retrieval, and ranking. Most recently, I designed the company's first hybrid retrieval system combining BM25 with dense vector recall, handling peak QPS of 8K with sub-200ms p95. My day-to-day work spans embedding model selection and fine-tuning, hybrid retrieval architecture, learning-to-rank, behavioral-signal integration, and the offline/online evaluation that ties it all together. I've shipped systems in both early-stage product companies and at larger scale, and I've spent enough time on both that I know which tradeoffs apply where. I care more about shipping a working system in 6 weeks than a theoretically perfect one in 6 months. Currently exploring my next move — looking for senior IC or tech-lead roles where I can own the intelligence layer end-to-end.","Pune, Maharashtra",India,6.1,Senior Machine Learning Engineer,Genpact AI,10001+,AI Services,"Elasticsearch (advanced), Redux (beginner), LangChain (advanced), Machine Learning (expert), LlamaIndex (expert), Information Retrieval (advanced), TensorFlow (advanced), LLMs (advanced), NLP (advanced), Sentence Transformers (expert), YOLO (advanced), Forecasting (advanced), pgvector (advanced), Image Classification (intermediate), Weights & Biases (intermediate), TTS (advanced), Qdrant (expert)",Senior Machine Learning Engineer at Genpact AI (48 mos) | Senior Machine Learning Engineer at LinkedIn (25 mos),M.S. in Computer Engineering from Manipal Institute of Technology | M.Sc in Information Technology from IIT Hyderabad,NLP Specialization,62.8,2026-01-22,2026-05-23,True,108,7,0.88,12.0,1801,239,60,28.4,51.9,onsite,True,36.7,663,38,0.81,0.48,True,True,True
CAND_0077337,5,0.6208,"Staff Machine Learning Engineer with 7.0 YOE based in Kochi, Kerala (open to relocation), strong JD alignment via: LLMs.",Aarav Agarwal,Staff Machine Learning Engineer | Building AI-native search & ranking systems,"Senior AI engineer with 7.0 years of hands-on experience building production ML systems, with a focus on search, retrieval, and ranking. Most recently, I designed the company's first hybrid retrieval system combining BM25 with dense vector recall, serving 50M+ queries per month. My day-to-day work spans embedding model selection and fine-tuning, hybrid retrieval architecture, learning-to-rank, behavioral-signal integration, and the offline/online evaluation that ties it all together. I've shipped systems in both early-stage product companies and at larger scale, and I've spent enough time on both that I know which tradeoffs apply where. I care more about shipping a working system in 6 weeks than a theoretically perfect one in 6 months. Currently exploring my next move — looking for senior IC or tech-lead roles where I can own the intelligence layer end-to-end.","Kochi, Kerala",India,7.0,Staff Machine Learning Engineer,Paytm,10001+,Fintech,"GANs (intermediate), Semantic Search (advanced), QLoRA (expert), pgvector (expert), Pinecone (advanced), Feature Engineering (intermediate), BM25 (expert), Information Retrieval (expert), LLMs (expert), OpenCV (intermediate), Data Science (intermediate), Forecasting (advanced), Excel (intermediate), RAG (expert), Qdrant (expert), Recommendation Systems (expert), Sentence Transformers (expert), LlamaIndex (expert), Python (expert), OpenSearch (advanced)",Staff Machine Learning Engineer at Paytm (19 mos) | Senior NLP Engineer at Razorpay (14 mos) | Senior NLP Engineer at Glance (44 mos) | Senior AI Engineer at Aganitha (6 mos),B.Tech in Computer Engineering from Georgia Tech,"Deep Learning Specialization, NLP Specialization",64.6,2024-09-24,2026-05-26,True,106,9,0.95,26.0,1073,27,60,46.0,51.3,remote,True,68.0,240,32,0.73,0.77,True,True,True
CAND_0081846,6,0.6154,"Lead AI Engineer with 6.7 YOE based in Jaipur, Rajasthan (open to relocation), strong JD alignment via: Embeddings.",Arjun Khanna,"Lead AI Engineer | LLMs, RAG, Vector Search | ex-Top Tech","Senior AI engineer with 6.7 years of hands-on experience building production ML systems, with a focus on search, retrieval, and ranking. Most recently, I rebuilt the candidate-JD matching pipeline from scratch, taking it from 0.72 to 0.91 NDCG@10, serving 50M+ queries per month. My day-to-day work spans embedding model selection and fine-tuning, hybrid retrieval architecture, learning-to-rank, behavioral-signal integration, and the offline/online evaluation that ties it all together. I've shipped systems in both early-stage product companies and at larger scale, and I've spent enough time on both that I know which tradeoffs apply where. I have strong opinions about when LLMs are the right hammer and when classical IR is — usually it's both. Currently exploring my next move — looking for senior IC or tech-lead roles where I can own the intelligence layer end-to-end.","Jaipur, Rajasthan",India,6.7,Lead AI Engineer,Razorpay,1001-5000,Fintech,"Data Science (advanced), Information Retrieval (expert), LlamaIndex (advanced), pgvector (advanced), Forecasting (advanced), Learning to Rank (expert), Elasticsearch (expert), PyTorch (advanced), Vector Search (expert), scikit-learn (advanced), Deep Learning (advanced), Recommendation Systems (expert), Python (expert), Embeddings (expert), Semantic Search (advanced), BM25 (expert), Machine Learning (expert), Qdrant (expert)",Lead AI Engineer at Razorpay (27 mos) | Senior Machine Learning Engineer at Paytm (52 mos),B.E. in Data Science from IIT Hyderabad | Ph.D in Computer Engineering from IIT Delhi,Google Cloud Professional ML Engineer,95.7,2024-08-08,2026-05-03,True,231,16,0.73,40.2,494,166,30,33.3,52.8,remote,True,33.7,347,62,0.94,-1,True,True,True
CAND_0076412,7,0.6154,"AI Research Engineer with 5.8 YOE based in Noida, Uttar Pradesh, strong JD alignment via: Semantic Search, CNN, scikit-learn.",Meera Bhatia,AI Research Engineer | 5.8 yrs in analytics & ML,"Data scientist / ML engineer with 5.8 years of experience in applied machine learning. Worked across predictive modeling, NLP, analytics, and lightweight deployment workflows. My current role is split between dashboarding/analytics and shipping production ML models. I'm strongest at the modeling and analysis side; comfortable with Python, scikit-learn, pandas, and standard MLOps tooling, but I'm still building depth on the engineering and infra side of production ML. I want to grow into senior AI engineering — get serious about LLMs and retrieval beyond the surface level.","Noida, Uttar Pradesh",India,5.8,AI Research Engineer,Wysa,51-200,HealthTech AI,"Agile (intermediate), GANs (intermediate), Hugging Face Transformers (intermediate), Semantic Search (advanced), Deep Learning (intermediate), Computer Vision (intermediate), TTS (intermediate), MLOps (intermediate), Diffusion Models (intermediate), Pinecone (advanced), Machine Learning (advanced), Data Science (advanced), Python (intermediate), Next.js (beginner), Speech Recognition (advanced), scikit-learn (advanced), CNN (advanced)",AI Research Engineer at Wysa (54 mos) | Senior Software Engineer (ML) at Aganitha (15 mos),M.E. in Machine Learning from Jadavpur University,AWS Certified Machine Learning Specialty,61.8,2025-08-10,2026-02-24,True,147,8,0.54,24.2,355,76,120,19.4,38.1,onsite,False,63.7,743,21,0.6,0.8,True,True,True
CAND_0098217,8,0.6143,"ML Engineer with 6.4 YOE based in Noida, Uttar Pradesh, strong JD alignment via: PEFT, Weights & Biases, Statistical Modeling.",Kavya Bansal,ML Engineer | 6.4 yrs in analytics & ML,"Data scientist / ML engineer with 6.4 years of experience in applied machine learning. Worked across predictive modeling, NLP, analytics, and lightweight deployment workflows. Most of my recent work has been on predictive modeling for customer-facing problems — churn, conversion, lifetime value. I'm strongest at the modeling and analysis side; comfortable with Python, scikit-learn, pandas, and standard MLOps tooling, but I'm still building depth on the engineering and infra side of production ML. Looking for a role where I can step up to more end-to-end ownership of ML systems, not just modeling.","Noida, Uttar Pradesh",India,6.4,ML Engineer,Glance,501-1000,AI/ML,"Weights & Biases (advanced), PEFT (advanced), MLflow (advanced), FAISS (intermediate), Reinforcement Learning (intermediate), Prompt Engineering (intermediate), Learning to Rank (intermediate), Statistical Modeling (advanced), Pinecone (advanced), Machine Learning (intermediate), Marketing (intermediate), Forecasting (intermediate)",ML Engineer at Glance (52 mos) | Junior ML Engineer at Freshworks (24 mos),Ph.D in Artificial Intelligence from Carnegie Mellon University,,62.4,2025-04-30,2026-03-08,True,144,10,0.84,10.2,318,32,45,34.8,49.5,hybrid,False,80.7,222,42,0.75,0.76,True,True,True
CAND_0088025,9,0.6141,"Staff Machine Learning Engineer with 8.6 YOE based in Jaipur, Rajasthan, strong JD alignment via: LLMs.",Amit Arora,Staff Machine Learning Engineer | Building AI-native search & ranking systems,"Senior AI engineer with 8.6 years of hands-on experience building production ML systems, with a focus on search, retrieval, and ranking. Most recently, I designed the company's first hybrid retrieval system combining BM25 with dense vector recall, serving 50M+ queries per month. My day-to-day work spans embedding model selection and fine-tuning, hybrid retrieval architecture, learning-to-rank, behavioral-signal integration, and the offline/online evaluation that ties it all together. I've shipped systems in both early-stage product companies and at larger scale, and I've spent enough time on both that I know which tradeoffs apply where. I'm comfortable across the stack from infra to algorithms, but my heart is in retrieval and ranking. Currently exploring my next move — looking for senior IC or tech-lead roles where I can own the intelligence layer end-to-end.","Jaipur, Rajasthan",India,8.6,Staff Machine Learning Engineer,Yellow.ai,201-500,AI/ML,"Pinecone (advanced), QLoRA (expert), LLMs (expert), Hugging Face Transformers (expert), RAG (expert), SAP (beginner), TensorFlow (expert), LoRA (advanced), Flask (beginner), Prompt Engineering (advanced), BM25 (expert), Elasticsearch (expert), MLOps (intermediate), pgvector (expert), Learning to Rank (expert), Deep Learning (advanced), Python (expert), NLP (expert), YOLO (advanced)",Staff Machine Learning Engineer at Yellow.ai (45 mos) | Staff Machine Learning Engineer at Niramai (44 mos) | Senior Machine Learning Engineer at Genpact AI (13 mos),Ph.D in Data Science from COEP Pune,,60.3,2025-11-25,2026-05-14,True,201,17,0.83,24.1,1606,18,90,38.5,51.3,hybrid,False,74.6,1398,19,0.95,0.82,True,True,True
CAND_0055905,10,0.6127,"Senior Machine Learning Engineer with 8.1 YOE based in London, strong JD alignment via: Embeddings, LLMs.",Anika Rao,"Senior Machine Learning Engineer | LLMs, RAG, Vector Search | ex-Top Tech","Senior AI engineer with 8.1 years of hands-on experience building production ML systems, with a focus on search, retrieval, and ranking. Most recently, I led the migration from keyword-based ranking to a learning-to-rank model with embedded behavioral signals, serving 50M+ queries per month. My day-to-day work spans embedding model selection and fine-tuning, hybrid retrieval architecture, learning-to-rank, behavioral-signal integration, and the offline/online evaluation that ties it all together. I've shipped systems in both early-stage product companies and at larger scale, and I've spent enough time on both that I know which tradeoffs apply where. I care more about shipping a working system in 6 weeks than a theoretically perfect one in 6 months. Currently exploring my next move — looking for senior IC or tech-lead roles where I can own the intelligence layer end-to-end.",London,UK,8.1,Senior Machine Learning Engineer,Flipkart,10001+,E-commerce,"Elasticsearch (expert), ASR (advanced), Hugging Face Transformers (advanced), Haystack (advanced), Speech Recognition (advanced), LangChain (expert), Python (expert), LLMs (advanced), OpenSearch (expert), Fine-tuning LLMs (advanced), Information Retrieval (advanced), Embeddings (expert), Vector Search (expert)",Senior Machine Learning Engineer at Flipkart (14 mos) | Senior AI Engineer at Uber (37 mos) | Senior Applied Scientist at Rephrase.ai (45 mos),B.Tech in Computer Engineering from Anna University | M.S. in Data Science from IIT Kharagpur,,56.7,2024-11-14,2026-05-17,True,196,9,0.87,11.3,916,209,30,38.9,64.1,remote,False,-1,392,13,0.67,0.93,True,True,True
CAND_0097176,11,0.6125,"ML Engineer with 5.9 YOE based in Gurgaon, Haryana, strong JD alignment via: LangChain, LlamaIndex, GraphQL.",Advik Mehta,ML Engineer | 5.9 yrs in analytics & ML,"Data scientist / ML engineer with 5.9 years of experience in applied machine learning. Worked across predictive modeling, NLP, analytics, and lightweight deployment workflows. Most of my recent work has been on predictive modeling for customer-facing problems — churn, conversion, lifetime value. I'm strongest at the modeling and analysis side; comfortable with Python, scikit-learn, pandas, and standard MLOps tooling, but I'm still building depth on the engineering and infra side of production ML. I'm looking to grow into a deeper AI/ML system-building role — closer to retrieval, LLMs, and modern ranking systems.","Gurgaon, Haryana",India,5.9,ML Engineer,TCS,10001+,IT Services,"Angular (beginner), FAISS (intermediate), Speech Recognition (advanced), LlamaIndex (advanced), GANs (advanced), Sales (intermediate), CNN (intermediate), GraphQL (intermediate), PyTorch (advanced), LangChain (advanced), Image Classification (intermediate)",ML Engineer at TCS (13 mos) | AI Research Engineer at Haptik (40 mos) | Junior ML Engineer at Rephrase.ai (16 mos),Ph.D in Computer Engineering from VJTI Mumbai | M.E. in Data Science from SRM Chennai,,74.2,2024-06-05,2026-04-05,True,174,16,0.76,21.1,292,111,30,26.4,49.8,flexible,False,45.4,112,15,0.87,0.81,True,True,True
CAND_0006757,12,0.6114,"Senior Software Engineer with 5.4 YOE based in Coimbatore, Tamil Nadu, strong JD alignment via: Embeddings, LLMs.",Advaith Krishnan,Senior Software Engineer | 5.4+ yrs in data engineering,"Software / data professional with 5.4 years of experience building data pipelines, backend systems, and analytics infrastructure. Most of my work has been data pipelines and analytics infrastructure; I've shipped a couple of small ML features but it's not the core of my day. My toolkit is solid on the data engineering side — Python, SQL, Spark, Airflow, warehouse design — and I've completed a couple of self-directed ML projects (Kaggle competitions, side projects fine-tuning small models). Interested in transitioning toward more AI/ML-focused work, ideally at a company where I can leverage my existing data-infra skills while learning modern ML practice.","Coimbatore, Tamil Nadu",India,5.4,Senior Software Engineer,Unacademy,5001-10000,EdTech,"HTML (beginner), QLoRA (advanced), TTS (intermediate), GraphQL (beginner), TypeScript (beginner), Computer Vision (intermediate), Time Series (intermediate), Embeddings (intermediate), Feature Engineering (advanced), Speech Recognition (advanced), Redux (intermediate), Databricks (beginner), ASR (advanced), LLMs (intermediate)",Senior Software Engineer at Unacademy (42 mos) | Software Engineer at Meesho (22 mos),M.Sc in Data Science from NIT Surathkal | M.Sc in Information Technology from IIT Kharagpur,,87.3,2023-09-16,2026-03-04,True,65,10,0.44,32.0,369,62,30,14.5,29.1,flexible,False,68.5,182,27,0.81,0.56,True,True,True
CAND_0098454,13,0.6108,"AI Specialist with 6.6 YOE based in Indore, Madhya Pradesh (open to relocation), strong JD alignment via: Embeddings.",Jay Iyengar,AI Specialist | Building ML-powered solutions,"Data scientist / ML engineer with 6.6 years of experience in applied machine learning. Worked across predictive modeling, NLP, analytics, and lightweight deployment workflows. I've spent the last couple of years building NLP-based classification and information extraction pipelines. I'm strongest at the modeling and analysis side; comfortable with Python, scikit-learn, pandas, and standard MLOps tooling, but I'm still building depth on the engineering and infra side of production ML. I'm looking to grow into a deeper AI/ML system-building role — closer to retrieval, LLMs, and modern ranking systems.","Indore, Madhya Pradesh",India,6.6,AI Specialist,Meesho,1001-5000,E-commerce,"Vector Search (intermediate), MLOps (intermediate), Feature Engineering (advanced), NLP (intermediate), Statistical Modeling (intermediate), OpenSearch (advanced), Data Science (intermediate), ASR (advanced), Pinecone (intermediate), CNN (advanced), Weaviate (advanced), Embeddings (intermediate), GANs (advanced), Illustrator (beginner)",AI Specialist at Meesho (52 mos) | AI Research Engineer at Wipro (26 mos),B.Tech in Computer Engineering from Symbiosis International | M.S. in Data Science from Symbiosis International,,88.2,2024-03-06,2026-05-27,True,194,14,0.87,3.4,1294,123,60,18.3,44.0,flexible,True,28.7,327,22,0.97,-1,True,True,True
CAND_0086154,14,0.6094,"Data Scientist with 6.8 YOE based in Ahmedabad, Gujarat (open to relocation), strong JD alignment via: OpenCV, OpenSearch, scikit-learn.",Vivaan Verma,Data Scientist | Building ML-powered solutions,"Data scientist / ML engineer with 6.8 years of experience in applied machine learning. Worked across predictive modeling, NLP, analytics, and lightweight deployment workflows. Most of my recent work has been on predictive modeling for customer-facing problems — churn, conversion, lifetime value. I'm strongest at the modeling and analysis side; comfortable with Python, scikit-learn, pandas, and standard MLOps tooling, but I'm still building depth on the engineering and infra side of production ML. I want to grow into senior AI engineering — get serious about LLMs and retrieval beyond the surface level.","Ahmedabad, Gujarat",India,6.8,Data Scientist,Ola,5001-10000,Transportation,"OpenSearch (advanced), Object Detection (intermediate), OpenCV (advanced), scikit-learn (advanced), BentoML (intermediate), Node.js (intermediate), CI/CD (intermediate), Kubeflow (advanced), Machine Learning (intermediate), Flask (beginner), Qdrant (intermediate), Databricks (beginner), Data Science (intermediate)",Data Scientist at Ola (19 mos) | Junior ML Engineer at Verloop.io (48 mos) | Junior ML Engineer at PharmEasy (14 mos),B.Sc in Data Science from SRM University | M.E. in Mechanical Engineering from Regional Technical Institute,,94.0,2023-12-18,2026-05-25,True,194,14,0.9,2.5,573,86,90,18.6,51.9,hybrid,True,53.1,416,38,0.9,0.27,True,True,True
CAND_0058688,15,0.609,"AI Engineer with 6.7 YOE based in Berlin (open to relocation), strong JD alignment via: Embeddings.",Anjali Kapoor,AI Engineer | Applied ML | Building intelligent products,"Machine learning engineer with 6.7 years of experience building ML-powered features in production. Strong background in NLP, recommendation systems, and applied AI; comfortable across the ML stack from feature engineering through deployment. Recently, my main project for the last 18 months has been the recommendation system that powers our discovery feed. Along the way I've gotten comfortable with the operational side — A/B testing, drift monitoring, retraining schedules. My academic background is in CS/ML but my main learning has come from shipping real systems and seeing what holds up under production load. Open to senior IC roles in applied ML or AI engineering, ideally at product companies where I'd own a meaningful piece of the ML stack.",Berlin,Germany,6.7,AI Engineer,Vedantu,1001-5000,EdTech,"OpenCV (intermediate), CNN (intermediate), scikit-learn (expert), Object Detection (advanced), LlamaIndex (expert), Computer Vision (advanced), Embeddings (expert), Snowflake (beginner), TensorFlow (advanced), Diffusion Models (advanced), Information Retrieval (expert), Milvus (expert), Image Classification (intermediate), Machine Learning (expert), QLoRA (advanced), PostgreSQL (beginner), Semantic Search (expert)",AI Engineer at Vedantu (37 mos) | Recommendation Systems Engineer at Apple (43 mos),M.Tech in Machine Learning from Massachusetts Institute of Technology,,68.4,2025-12-22,2026-03-28,True,200,22,0.74,7.8,1313,122,15,41.2,55.3,onsite,True,39.1,62,36,0.96,0.7,True,True,True
CAND_0076482,16,0.6088,"ML Engineer with 6.6 YOE based in Austin (open to relocation), strong JD alignment via: Embeddings.",Tanvi Chatterjee,ML Engineer | Data Science & ML enthusiast,"Data scientist / ML engineer with 6.6 years of experience in applied machine learning. Worked across predictive modeling, NLP, analytics, and lightweight deployment workflows. Most of my recent work has been on predictive modeling for customer-facing problems — churn, conversion, lifetime value. I'm strongest at the modeling and analysis side; comfortable with Python, scikit-learn, pandas, and standard MLOps tooling, but I'm still building depth on the engineering and infra side of production ML. I want to grow into senior AI engineering — get serious about LLMs and retrieval beyond the surface level.",Austin,USA,6.6,ML Engineer,Flipkart,10001+,E-commerce,"OpenSearch (intermediate), Feature Engineering (advanced), Pinecone (advanced), pgvector (intermediate), Embeddings (intermediate), TTS (advanced), dbt (beginner), CNN (advanced), QLoRA (intermediate), Forecasting (intermediate), Photoshop (intermediate), Hugging Face Transformers (intermediate), RAG (advanced), BentoML (advanced), Computer Vision (intermediate), Object Detection (intermediate)",ML Engineer at Flipkart (44 mos) | Junior ML Engineer at CRED (18 mos) | Computer Vision Engineer at Wipro (16 mos),M.E. in Data Science from UC Berkeley | M.S. in Information Technology from Delhi College of Engineering,,82.8,2024-11-25,2026-03-06,True,186,2,0.86,35.1,231,117,60,32.0,31.4,hybrid,True,79.4,549,9,0.94,0.68,True,False,True
CAND_0098952,17,0.6079,"AI Research Engineer with 5.5 YOE based in Gurgaon, Haryana (open to relocation), strong JD alignment via: Diffusion Models, NLP, Reinforcement Learning.",Dev Sethi,AI Research Engineer | Building ML-powered solutions,"Data scientist / ML engineer with 5.5 years of experience in applied machine learning. Worked across predictive modeling, NLP, analytics, and lightweight deployment workflows. I've spent the last couple of years building NLP-based classification and information extraction pipelines. I'm strongest at the modeling and analysis side; comfortable with Python, scikit-learn, pandas, and standard MLOps tooling, but I'm still building depth on the engineering and infra side of production ML. I want to grow into senior AI engineering — get serious about LLMs and retrieval beyond the surface level.","Gurgaon, Haryana",India,5.5,AI Research Engineer,CRED,1001-5000,Fintech,"Airflow (intermediate), Recommendation Systems (advanced), Statistical Modeling (intermediate), Redis (intermediate), Object Detection (intermediate), QLoRA (intermediate), OpenSearch (intermediate), TTS (intermediate), Spring Boot (intermediate), scikit-learn (intermediate), Feature Engineering (intermediate), Semantic Search (intermediate), Diffusion Models (advanced), Prompt Engineering (intermediate), NLP (advanced), Reinforcement Learning (advanced), Python (intermediate)",AI Research Engineer at CRED (22 mos) | Senior Software Engineer (ML) at Rephrase.ai (43 mos),M.Sc in Computer Science from PES University,,63.1,2024-11-02,2026-03-05,True,187,12,0.66,84.1,1072,132,45,30.9,31.9,remote,True,47.2,481,8,0.9,0.73,True,True,True
CAND_0008295,18,0.6074,"AI Research Engineer with 6.5 YOE based in Pune, Maharashtra (open to relocation), strong JD alignment via: QLoRA, Python, BentoML.",Om Mehta,AI Research Engineer | Building ML-powered solutions,"Data scientist / ML engineer with 6.5 years of experience in applied machine learning. Worked across predictive modeling, NLP, analytics, and lightweight deployment workflows. I've been working on recommendation-style features but lighter on the deep-learning side — mostly classical methods like collaborative filtering and gradient-boosted models. I'm strongest at the modeling and analysis side; comfortable with Python, scikit-learn, pandas, and standard MLOps tooling, but I'm still building depth on the engineering and infra side of production ML. I'm looking to grow into a deeper AI/ML system-building role — closer to retrieval, LLMs, and modern ranking systems.","Pune, Maharashtra",India,6.5,AI Research Engineer,Razorpay,1001-5000,Fintech,"BM25 (advanced), Kubernetes (beginner), Python (advanced), PEFT (intermediate), Computer Vision (intermediate), MLflow (intermediate), Weaviate (intermediate), TTS (advanced), Diffusion Models (intermediate), Prompt Engineering (intermediate), BentoML (advanced), QLoRA (advanced), Forecasting (advanced)",AI Research Engineer at Razorpay (50 mos) | Senior Software Engineer (ML) at TCS (27 mos),M.Tech in Computer Engineering from Symbiosis International | M.Tech in Mathematics from Chandigarh University,,87.0,2026-04-11,2026-05-26,True,27,16,0.89,3.6,621,16,45,16.2,47.5,remote,True,50.7,248,31,0.9,0.55,True,False,True
CAND_0003791,19,0.607,"ML Engineer with 6.6 YOE based in San Francisco, strong JD alignment via: LLMs.",Ritu Bansal,ML Engineer | Building ML-powered solutions,"Data scientist / ML engineer with 6.6 years of experience in applied machine learning. Worked across predictive modeling, NLP, analytics, and lightweight deployment workflows. My current role is split between dashboarding/analytics and shipping production ML models. I'm strongest at the modeling and analysis side; comfortable with Python, scikit-learn, pandas, and standard MLOps tooling, but I'm still building depth on the engineering and infra side of production ML. I want to grow into senior AI engineering — get serious about LLMs and retrieval beyond the surface level.",San Francisco,USA,6.6,ML Engineer,Meesho,1001-5000,E-commerce,"LLMs (advanced), GANs (advanced), MLOps (intermediate), ETL (beginner), Computer Vision (advanced), Hugging Face Transformers (advanced), YOLO (advanced), Reinforcement Learning (advanced), CSS (beginner), Statistical Modeling (advanced), ASR (advanced), PyTorch (intermediate), pgvector (intermediate), Python (advanced), Image Classification (advanced), Weaviate (advanced), BM25 (intermediate)",ML Engineer at Meesho (27 mos) | Data Scientist at BYJU'S (38 mos) | Data Scientist at Locobuzz (13 mos),B.Tech in Data Science from Symbiosis International | M.Tech in Computer Engineering from IISc Bangalore,,94.2,2025-04-06,2026-03-07,True,110,11,0.66,9.7,670,118,45,18.3,54.2,hybrid,False,57.8,644,34,0.98,0.52,True,False,True
CAND_0073314,20,0.6068,"Senior Software Engineer (ML) with 5.2 YOE based in Noida, Uttar Pradesh (open to relocation), strong JD alignment via: ASR, PEFT, BentoML.",Vivaan Singh,Senior Software Engineer (ML) | Building ML-powered solutions,"Data scientist / ML engineer with 5.2 years of experience in applied machine learning. Worked across predictive modeling, NLP, analytics, and lightweight deployment workflows. Most of my recent work has been on predictive modeling for customer-facing problems — churn, conversion, lifetime value. I'm strongest at the modeling and analysis side; comfortable with Python, scikit-learn, pandas, and standard MLOps tooling, but I'm still building depth on the engineering and infra side of production ML. Looking for a role where I can step up to more end-to-end ownership of ML systems, not just modeling.","Noida, Uttar Pradesh",India,5.2,Senior Software Engineer (ML),Aganitha,51-200,AI/ML,"BentoML (advanced), Prompt Engineering (advanced), Feature Engineering (advanced), Weights & Biases (intermediate), Image Classification (intermediate), PEFT (advanced), Milvus (intermediate), Elasticsearch (intermediate), MLflow (intermediate), PyTorch (intermediate), Agile (intermediate), ASR (advanced), Weaviate (intermediate), MLOps (intermediate)",Senior Software Engineer (ML) at Aganitha (22 mos) | ML Engineer at Paytm (39 mos),B.Tech in Computer Engineering from VJTI Mumbai | Ph.D in Computer Engineering from Thapar University,,94.2,2025-12-24,2026-05-25,True,73,3,0.84,9.5,716,118,60,36.7,54.2,remote,True,67.0,257,23,0.55,0.67,True,True,True
CAND_0079387,21,0.6058,"AI Engineer with 6.9 YOE based in Trivandrum, Kerala, strong JD alignment via: Haystack, Time Series, scikit-learn.",Sneha Arora,AI Engineer | Applied ML | Building intelligent products,"Machine learning engineer with 6.9 years of experience building ML-powered features in production. Strong background in NLP, recommendation systems, and applied AI; comfortable across the ML stack from feature engineering through deployment. Recently, I've been the de-facto ML lead on a small team, shipping models across NLP and recsys. I've learned that most retrieval problems are actually evaluation problems in disguise. My academic background is in CS/ML but my main learning has come from shipping real systems and seeing what holds up under production load. Open to senior IC roles in applied ML or AI engineering, ideally at product companies where I'd own a meaningful piece of the ML stack.","Trivandrum, Kerala",India,6.9,AI Engineer,Microsoft,10001+,Software,"scikit-learn (expert), Recommendation Systems (advanced), Python (expert), Time Series (advanced), Sentence Transformers (expert), JavaScript (intermediate), Illustrator (intermediate), Vector Search (expert), Next.js (intermediate), OpenSearch (expert), YOLO (intermediate), Reinforcement Learning (intermediate), QLoRA (expert), LoRA (expert), BM25 (advanced), Learning to Rank (advanced), Haystack (expert), BentoML (advanced), ASR (intermediate), Kubeflow (intermediate)",AI Engineer at Microsoft (22 mos) | NLP Engineer at upGrad (22 mos) | Applied ML Engineer at Ola (18 mos) | AI Engineer at BYJU'S (19 mos),M.Sc in Computer Science from IIIT Hyderabad | B.E. in Data Science from PES University,,90.2,2025-02-16,2026-04-25,True,241,4,0.81,29.1,1008,100,30,39.8,54.7,hybrid,False,64.1,189,22,0.9,0.5,True,True,True
CAND_0098846,22,0.6056,"AI Engineer with 7.6 YOE based in Indore, Madhya Pradesh (open to relocation), strong JD alignment via: Recommendation Systems, Qdrant, Haystack.",Shreya Saxena,"AI Engineer | Search, Ranking & Retrieval","Machine learning engineer with 7.6 years of experience building ML-powered features in production. Strong background in NLP, recommendation systems, and applied AI; comfortable across the ML stack from feature engineering through deployment. Recently, I've been the de-facto ML lead on a small team, shipping models across NLP and recsys. Along the way I've gotten comfortable with the operational side — A/B testing, drift monitoring, retraining schedules. My academic background is in CS/ML but my main learning has come from shipping real systems and seeing what holds up under production load. Open to senior IC roles in applied ML or AI engineering, ideally at product companies where I'd own a meaningful piece of the ML stack.","Indore, Madhya Pradesh",India,7.6,AI Engineer,upGrad,1001-5000,EdTech,"YOLO (intermediate), Kubeflow (intermediate), Hugging Face Transformers (expert), Hadoop (beginner), PEFT (expert), QLoRA (expert), Machine Learning (expert), MLOps (intermediate), Qdrant (expert), Haystack (advanced), LlamaIndex (expert), TensorFlow (advanced), Recommendation Systems (expert), Speech Recognition (advanced), Photoshop (intermediate), Azure (beginner), BentoML (advanced), TTS (intermediate)",AI Engineer at upGrad (25 mos) | Machine Learning Engineer at Meesho (20 mos) | Search Engineer at Swiggy (19 mos) | Search Engineer at Google (26 mos),Ph.D in Machine Learning from IIT Kanpur,,90.0,2025-09-15,2026-04-23,True,102,13,0.62,12.0,1378,99,45,44.0,54.7,flexible,True,86.2,747,13,0.8,-1,True,True,True
CAND_0002025,23,0.6049,"Senior AI Engineer with 5.9 YOE based in Trivandrum, Kerala, strong JD alignment via: Deep Learning, NLP, FAISS.",Ira Dalal,Senior AI Engineer | Building AI-native search & ranking systems,"Senior AI engineer with 5.9 years of hands-on experience building production ML systems, with a focus on search, retrieval, and ranking. Most recently, I designed the company's first hybrid retrieval system combining BM25 with dense vector recall, across a corpus of 30M+ candidate profiles. My day-to-day work spans embedding model selection and fine-tuning, hybrid retrieval architecture, learning-to-rank, behavioral-signal integration, and the offline/online evaluation that ties it all together. I've shipped systems in both early-stage product companies and at larger scale, and I've spent enough time on both that I know which tradeoffs apply where. I care more about shipping a working system in 6 weeks than a theoretically perfect one in 6 months. Currently exploring my next move — looking for senior IC or tech-lead roles where I can own the intelligence layer end-to-end.","Trivandrum, Kerala",India,5.9,Senior AI Engineer,Apple,10001+,Consumer Electronics,"Diffusion Models (intermediate), FAISS (expert), TensorFlow (expert), scikit-learn (expert), OpenSearch (advanced), Haystack (expert), Weaviate (advanced), Sentence Transformers (expert), QLoRA (expert), NLP (expert), Pinecone (advanced), Recommendation Systems (expert), Deep Learning (expert), Python (expert), LangChain (expert), Weights & Biases (advanced), OpenCV (advanced), Prompt Engineering (advanced), Fine-tuning LLMs (advanced), YOLO (advanced)",Senior AI Engineer at Apple (42 mos) | Lead AI Engineer at Aganitha (28 mos),M.Sc in Data Science from IIIT Bangalore | M.S. in Data Science from IIIT Bangalore,NLP Specialization,81.8,2025-05-15,2026-05-26,True,125,17,0.8,20.9,760,39,30,32.5,63.6,flexible,False,96.9,949,22,0.81,0.46,True,True,True
CAND_0007567,24,0.6032,"AI Specialist with 6.1 YOE based in Kochi, Kerala (open to relocation), strong JD alignment via: LLMs.",Ved Goyal,AI Specialist | 6.1 yrs in analytics & ML,"Data scientist / ML engineer with 6.1 years of experience in applied machine learning. Worked across predictive modeling, NLP, analytics, and lightweight deployment workflows. I've been working on recommendation-style features but lighter on the deep-learning side — mostly classical methods like collaborative filtering and gradient-boosted models. I'm strongest at the modeling and analysis side; comfortable with Python, scikit-learn, pandas, and standard MLOps tooling, but I'm still building depth on the engineering and infra side of production ML. Looking for a role where I can step up to more end-to-end ownership of ML systems, not just modeling.","Kochi, Kerala",India,6.1,AI Specialist,Niramai,51-200,HealthTech AI,"Fine-tuning LLMs (advanced), Diffusion Models (intermediate), NLP (intermediate), MLOps (intermediate), LLMs (intermediate), FAISS (intermediate), Prompt Engineering (advanced), PyTorch (advanced), Sentence Transformers (intermediate), Weights & Biases (intermediate), Feature Engineering (intermediate), Elasticsearch (intermediate), Apache Beam (beginner), OpenCV (advanced), Figma (beginner)",AI Specialist at Niramai (39 mos) | AI Specialist at PolicyBazaar (33 mos),M.Tech in Machine Learning from Regional Technical Institute,,78.8,2025-05-02,2026-03-06,True,206,17,0.8,24.7,823,13,60,23.4,35.4,remote,True,51.6,243,30,0.81,0.7,True,True,True
CAND_0003724,25,0.6025,"Frontend Engineer with 7.6 YOE based in Noida, Uttar Pradesh (open to relocation), strong JD alignment via: Embeddings.",Rohan Mukherjee,Frontend Engineer | Backend systems & APIs,"Software engineer with 7.6 years of experience across web, backend, and cloud systems. Strong fundamentals in software development and system design. My background is full-stack, but my comfort zone is the backend and the database. I've been keeping up with AI/ML at a self-learner level — taken some online courses, played with the OpenAI and Anthropic APIs, built a small RAG side project — but I haven't done it in a professional capacity yet. Open to roles where I can either deepen my software engineering work or, if the team is open to it, start contributing to ML-adjacent systems.","Noida, Uttar Pradesh",India,7.6,Frontend Engineer,Zomato,5001-10000,Food Delivery,"Time Series (intermediate), dbt (beginner), Figma (intermediate), Angular (beginner), Go (beginner), Six Sigma (beginner), Embeddings (intermediate), OpenCV (advanced), Reinforcement Learning (advanced), Photoshop (beginner), CI/CD (intermediate)",Frontend Engineer at Zomato (13 mos) | Mobile Developer at Razorpay (46 mos) | Frontend Engineer at Globex Inc (31 mos),M.Sc in Computer Engineering from VIT Chennai | B.Sc in Machine Learning from IIT Kanpur,,68.8,2023-04-21,2025-12-10,True,42,2,0.32,12.4,604,50,30,17.0,27.7,remote,True,55.7,38,10,0.54,0.76,True,True,True
CAND_0021491,26,0.6016,"AI Research Engineer with 6.1 YOE based in Bhubaneswar, Odisha, strong JD alignment via: Python, TTS, scikit-learn.",Aarohi Hegde,AI Research Engineer | Data Science & ML enthusiast,"Data scientist / ML engineer with 6.1 years of experience in applied machine learning. Worked across predictive modeling, NLP, analytics, and lightweight deployment workflows. I've spent the last couple of years building NLP-based classification and information extraction pipelines. I'm strongest at the modeling and analysis side; comfortable with Python, scikit-learn, pandas, and standard MLOps tooling, but I'm still building depth on the engineering and infra side of production ML. I'm looking to grow into a deeper AI/ML system-building role — closer to retrieval, LLMs, and modern ranking systems.","Bhubaneswar, Odisha",India,6.1,AI Research Engineer,Wysa,51-200,HealthTech AI,"Recommendation Systems (intermediate), Docker (intermediate), Speech Recognition (intermediate), Spring Boot (intermediate), scikit-learn (advanced), Image Classification (advanced), Statistical Modeling (advanced), Vector Search (advanced), Python (advanced), LoRA (advanced), PEFT (advanced), Computer Vision (intermediate), Elasticsearch (intermediate), TTS (advanced), PyTorch (intermediate), Object Detection (intermediate), MLOps (advanced)",AI Research Engineer at Wysa (52 mos) | AI Research Engineer at Wipro (20 mos),B.Sc in Artificial Intelligence from VIT Chennai,Deep Learning Specialization,64.9,2024-11-25,2026-04-19,True,32,10,0.61,48.1,309,120,90,33.2,35.4,flexible,False,64.0,569,27,0.81,0.69,True,True,True
CAND_0072688,27,0.6016,"Data Scientist with 6.9 YOE based in Pune, Maharashtra (open to relocation), strong JD alignment via: Image Classification, Time Series, Forecasting.",Rajesh Goyal,Data Scientist | 6.9 yrs in analytics & ML,"Data scientist / ML engineer with 6.9 years of experience in applied machine learning. Worked across predictive modeling, NLP, analytics, and lightweight deployment workflows. Most of my recent work has been on predictive modeling for customer-facing problems — churn, conversion, lifetime value. I'm strongest at the modeling and analysis side; comfortable with Python, scikit-learn, pandas, and standard MLOps tooling, but I'm still building depth on the engineering and infra side of production ML. I'm looking to grow into a deeper AI/ML system-building role — closer to retrieval, LLMs, and modern ranking systems.","Pune, Maharashtra",India,6.9,Data Scientist,Niramai,51-200,HealthTech AI,"Milvus (intermediate), Apache Flink (beginner), Data Science (intermediate), Time Series (advanced), Object Detection (advanced), Forecasting (advanced), Deep Learning (intermediate), LoRA (intermediate), BigQuery (beginner), Semantic Search (intermediate), NLP (intermediate), Recommendation Systems (advanced), Reinforcement Learning (intermediate), Speech Recognition (intermediate), Qdrant (advanced), Image Classification (advanced)",Data Scientist at Niramai (30 mos) | Data Scientist at PolicyBazaar (52 mos),M.E. in Machine Learning from KIIT University,,96.0,2025-04-21,2026-05-23,True,87,18,0.87,2.2,708,113,45,34.4,33.4,onsite,True,11.2,749,32,0.85,0.27,True,True,True
CAND_0045141,28,0.6012,"Data Scientist with 5.3 YOE based in Kochi, Kerala (open to relocation), strong JD alignment via: LLMs.",Manish Patel,Data Scientist | 5.3 yrs in analytics & ML,"Data scientist / ML engineer with 5.3 years of experience in applied machine learning. Worked across predictive modeling, NLP, analytics, and lightweight deployment workflows. I've spent the last couple of years building NLP-based classification and information extraction pipelines. I'm strongest at the modeling and analysis side; comfortable with Python, scikit-learn, pandas, and standard MLOps tooling, but I'm still building depth on the engineering and infra side of production ML. I'm looking to grow into a deeper AI/ML system-building role — closer to retrieval, LLMs, and modern ranking systems.","Kochi, Kerala",India,5.3,Data Scientist,HCL,10001+,IT Services,"YOLO (advanced), Microservices (intermediate), TTS (intermediate), Recommendation Systems (intermediate), Milvus (advanced), MLOps (advanced), PowerPoint (intermediate), Deep Learning (advanced), Pinecone (advanced), Project Management (intermediate), QLoRA (advanced), FAISS (advanced), Kubeflow (advanced), Airflow (beginner), LLMs (advanced), Haystack (advanced), OpenCV (intermediate), GANs (advanced), CNN (advanced)",Data Scientist at HCL (48 mos) | ML Engineer at HCL (15 mos),B.E. in Computer Science from KIIT University,,45.6,2025-08-30,2026-04-10,True,140,8,0.44,7.8,866,103,30,19.0,49.0,hybrid,True,67.4,479,5,0.9,-1,True,True,True
CAND_0001930,29,0.6007,"Senior Software Engineer (ML) with 6.9 YOE based in Kolkata, West Bengal, strong JD alignment via: Embeddings.",Rahul Gupta,Senior Software Engineer (ML) | 6.9 yrs in analytics & ML,"Data scientist / ML engineer with 6.9 years of experience in applied machine learning. Worked across predictive modeling, NLP, analytics, and lightweight deployment workflows. My current role is split between dashboarding/analytics and shipping production ML models. I'm strongest at the modeling and analysis side; comfortable with Python, scikit-learn, pandas, and standard MLOps tooling, but I'm still building depth on the engineering and infra side of production ML. I want to grow into senior AI engineering — get serious about LLMs and retrieval beyond the surface level.","Kolkata, West Bengal",India,6.9,Senior Software Engineer (ML),Dream11,1001-5000,Gaming,"Machine Learning (intermediate), GraphQL (intermediate), Webpack (beginner), CSS (beginner), Kubeflow (intermediate), NLP (intermediate), Embeddings (intermediate), Statistical Modeling (advanced), BentoML (advanced), Milvus (advanced), Fine-tuning LLMs (intermediate), Data Pipelines (beginner), CNN (advanced), Haystack (intermediate), QLoRA (intermediate)",Senior Software Engineer (ML) at Dream11 (44 mos) | Computer Vision Engineer at Flipkart (22 mos) | Data Scientist at Nykaa (15 mos),B.Tech in Statistics from Lovely Professional University,"Deep Learning Specialization, NLP Specialization",68.3,2024-08-15,2026-03-08,True,90,6,0.65,21.5,436,99,120,37.7,44.4,remote,False,76.3,292,40,0.95,0.66,True,True,False
CAND_0004402,30,0.6004,"AI Research Engineer with 6.0 YOE based in Delhi, Delhi, strong JD alignment via: PEFT, BentoML, TTS.",Priya Malhotra,AI Research Engineer | 6.0 yrs in analytics & ML,"Data scientist / ML engineer with 6.0 years of experience in applied machine learning. Worked across predictive modeling, NLP, analytics, and lightweight deployment workflows. My current role is split between dashboarding/analytics and shipping production ML models. I'm strongest at the modeling and analysis side; comfortable with Python, scikit-learn, pandas, and standard MLOps tooling, but I'm still building depth on the engineering and infra side of production ML. I want to grow into senior AI engineering — get serious about LLMs and retrieval beyond the surface level.","Delhi, Delhi",India,6.0,AI Research Engineer,Yellow.ai,201-500,AI/ML,"TypeScript (intermediate), TTS (advanced), OpenSearch (intermediate), Speech Recognition (advanced), Object Detection (intermediate), Kubeflow (intermediate), PEFT (advanced), PyTorch (advanced), BentoML (advanced), REST APIs (beginner), Learning to Rank (advanced), Data Pipelines (intermediate), Qdrant (intermediate), Computer Vision (advanced), Sentence Transformers (intermediate), Fine-tuning LLMs (intermediate)",AI Research Engineer at Yellow.ai (32 mos) | Data Scientist at Zomato (39 mos),M.Tech in Information Technology from IIT Guwahati | B.Tech in Information Technology from IIT Madras,,93.4,2024-06-08,2026-05-25,True,37,15,0.83,3.9,574,107,60,32.2,50.0,flexible,False,-1,629,27,0.6,-1,True,True,True
CAND_0086022,31,0.5995,"Senior Applied Scientist with 5.3 YOE based in Kolkata, West Bengal (open to relocation), strong JD alignment via: Embeddings.",Dhruv Naidu,"Senior Applied Scientist | LLMs, RAG, Vector Search | ex-Top Tech","Senior AI engineer with 5.3 years of hands-on experience building production ML systems, with a focus on search, retrieval, and ranking. Most recently, I led the migration from keyword-based ranking to a learning-to-rank model with embedded behavioral signals, handling peak QPS of 8K with sub-200ms p95. My day-to-day work spans embedding model selection and fine-tuning, hybrid retrieval architecture, learning-to-rank, behavioral-signal integration, and the offline/online evaluation that ties it all together. I've shipped systems in both early-stage product companies and at larger scale, and I've spent enough time on both that I know which tradeoffs apply where. I've made all the standard mistakes — embedding everything before defining the metric, over-investing in fine-tuning, optimizing offline metrics that don't move online — so I notice them faster now. Currently exploring my next move — looking for senior IC or tech-lead roles where I can own the intelligence layer end-to-end.","Kolkata, West Bengal",India,5.3,Senior Applied Scientist,Sarvam AI,51-200,AI/ML,"Vector Search (advanced), MLflow (advanced), Recommendation Systems (advanced), Databricks (beginner), Deep Learning (advanced), pgvector (expert), Fine-tuning LLMs (expert), Elasticsearch (advanced), QLoRA (advanced), Pinecone (expert), Embeddings (expert), Kubeflow (intermediate), PyTorch (expert), ETL (intermediate), TensorFlow (advanced), NLP (expert), Sentence Transformers (expert), LoRA (advanced), LangChain (expert)",Senior Applied Scientist at Sarvam AI (25 mos) | Senior ML Engineer — Search & Ranking at Uber (38 mos),B.Tech in Data Science from Stanford University,"LangChain for LLM Application Development, AWS Certified Machine Learning Specialty",80.1,2025-07-17,2026-04-15,True,68,6,0.55,59.2,221,35,0,31.2,72.6,hybrid,True,75.2,723,53,0.68,0.53,True,True,True
CAND_0037566,32,0.5991,"Machine Learning Engineer with 6.9 YOE based in Bangalore, Karnataka (open to relocation), strong JD alignment via: LLMs.",Ritu Nair,"Machine Learning Engineer | Search, Ranking & Retrieval","Machine learning engineer with 6.9 years of experience building ML-powered features in production. Strong background in NLP, recommendation systems, and applied AI; comfortable across the ML stack from feature engineering through deployment. Recently, I shipped our first RAG-based feature this year and now own the eval framework for it. I've learned that most retrieval problems are actually evaluation problems in disguise. My academic background is in CS/ML but my main learning has come from shipping real systems and seeing what holds up under production load. Open to senior IC roles in applied ML or AI engineering, ideally at product companies where I'd own a meaningful piece of the ML stack.","Bangalore, Karnataka",India,6.9,Machine Learning Engineer,LinkedIn,10001+,Internet,"Pinecone (expert), Time Series (advanced), LlamaIndex (expert), NLP (advanced), LoRA (advanced), QLoRA (expert), BM25 (advanced), Feature Engineering (advanced), Forecasting (advanced), MLflow (advanced), Spring Boot (beginner), TensorFlow (expert), LLMs (expert), YOLO (advanced), LangChain (expert), Elasticsearch (expert), Reinforcement Learning (intermediate)",Machine Learning Engineer at LinkedIn (51 mos) | Machine Learning Engineer at Paytm (31 mos),B.Tech in Information Technology from Jadavpur University,,90.6,2024-09-30,2026-04-20,True,110,2,0.5,70.4,778,145,15,32.0,42.2,hybrid,True,73.4,708,23,0.84,0.67,True,True,True
CAND_0096104,33,0.5989,"AI Specialist with 7.0 YOE based in Delhi, Delhi, strong JD alignment via: ASR, TTS, PEFT.",Ritu Shetty,AI Specialist | 7.0 yrs in analytics & ML,"Data scientist / ML engineer with 7.0 years of experience in applied machine learning. Worked across predictive modeling, NLP, analytics, and lightweight deployment workflows. My current role is split between dashboarding/analytics and shipping production ML models. I'm strongest at the modeling and analysis side; comfortable with Python, scikit-learn, pandas, and standard MLOps tooling, but I'm still building depth on the engineering and infra side of production ML. I want to grow into senior AI engineering — get serious about LLMs and retrieval beyond the surface level.","Delhi, Delhi",India,7.0,AI Specialist,Yellow.ai,201-500,AI/ML,"BM25 (intermediate), TTS (advanced), Hugging Face Transformers (intermediate), MLOps (intermediate), CI/CD (intermediate), Pinecone (intermediate), Semantic Search (intermediate), ASR (intermediate), PEFT (intermediate), Redux (intermediate), Data Science (advanced)",AI Specialist at Yellow.ai (46 mos) | Junior ML Engineer at Paytm (37 mos),B.E. in Data Science from Stanford University | Ph.D in Machine Learning from RV College of Engineering,,73.8,2024-05-07,2026-05-07,True,30,6,0.33,20.7,1006,94,30,35.0,29.3,onsite,False,72.0,131,2,0.89,0.68,True,True,True
CAND_0028793,34,0.5986,"Search Engineer with 7.2 YOE based in Trivandrum, Kerala (open to relocation), strong JD alignment via: Embeddings.",Myra Dutta,"Search Engineer | ML, NLP, Recommendation Systems","Machine learning engineer with 7.2 years of experience building ML-powered features in production. Strong background in NLP, recommendation systems, and applied AI; comfortable across the ML stack from feature engineering through deployment. Recently, I shipped our first RAG-based feature this year and now own the eval framework for it. I care a lot about evaluation rigor — too many teams ship models without offline benchmarks they trust. My academic background is in CS/ML but my main learning has come from shipping real systems and seeing what holds up under production load. Open to senior IC roles in applied ML or AI engineering, ideally at product companies where I'd own a meaningful piece of the ML stack.","Trivandrum, Kerala",India,7.2,Search Engineer,Google,10001+,Internet,"SAP (intermediate), Kubeflow (advanced), Embeddings (expert), Haystack (expert), YOLO (intermediate), LoRA (expert), PowerPoint (beginner), Learning to Rank (advanced), Information Retrieval (expert), PEFT (advanced), QLoRA (expert), PyTorch (advanced), pgvector (advanced), NLP (advanced), Weights & Biases (intermediate)",Search Engineer at Google (32 mos) | Senior Data Scientist at Amazon (40 mos) | Machine Learning Engineer at Meesho (13 mos),B.E. in Artificial Intelligence from BITS Pilani | B.Sc in Computer Engineering from Massachusetts Institute of Technology,"AWS Certified Machine Learning Specialty, Deep Learning Specialization",95.9,2024-04-17,2026-04-13,True,159,19,0.57,16.9,640,179,120,31.7,38.1,hybrid,True,83.1,1096,43,0.7,0.74,True,True,True
CAND_0039754,35,0.5985,"Senior Applied Scientist with 16.2 YOE based in Indore, Madhya Pradesh (open to relocation), strong JD alignment via: LLMs.",Mira Banerjee,Senior Applied Scientist | Building AI-native search & ranking systems,"Senior AI engineer with 8.3 years of hands-on experience building production ML systems, with a focus on search, retrieval, and ranking. Most recently, I rebuilt the candidate-JD matching pipeline from scratch, taking it from 0.72 to 0.91 NDCG@10, serving 50M+ queries per month. My day-to-day work spans embedding model selection and fine-tuning, hybrid retrieval architecture, learning-to-rank, behavioral-signal integration, and the offline/online evaluation that ties it all together. I've shipped systems in both early-stage product companies and at larger scale, and I've spent enough time on both that I know which tradeoffs apply where. I believe most ranking problems are solved by careful feature engineering and rigorous eval, not by bigger models. Currently exploring my next move — looking for senior IC or tech-lead roles where I can own the intelligence layer end-to-end.","Indore, Madhya Pradesh",India,16.2,Senior Applied Scientist,Meta,10001+,Internet,"Fine-tuning LLMs (expert), LlamaIndex (advanced), Qdrant (expert), Reinforcement Learning (intermediate), NLP (expert), Statistical Modeling (intermediate), Kubeflow (advanced), ASR (intermediate), OpenSearch (expert), Deep Learning (expert), Machine Learning (expert), LLMs (advanced), BM25 (advanced), Weaviate (expert), Python (expert), TensorFlow (expert), CI/CD (beginner), pgvector (expert), Speech Recognition (intermediate), Elasticsearch (expert)",Senior Applied Scientist at Meta (37 mos) | Senior ML Engineer — Search & Ranking at Apple (40 mos) | Senior Applied Scientist at Observe.AI (21 mos),M.Sc in Data Science from IIT Hyderabad,,67.1,2025-10-04,2026-05-14,True,279,3,0.81,38.5,1009,46,30,30.1,62.1,hybrid,True,77.5,541,51,0.98,0.55,True,True,True
CAND_0067866,36,0.5977,"Senior Software Engineer (ML) with 6.4 YOE based in Noida, Uttar Pradesh (open to relocation), strong JD alignment via: Embeddings.",Kiara Sethi,Senior Software Engineer (ML) | 6.4 yrs in analytics & ML,"Data scientist / ML engineer with 6.4 years of experience in applied machine learning. Worked across predictive modeling, NLP, analytics, and lightweight deployment workflows. Most of my recent work has been on predictive modeling for customer-facing problems — churn, conversion, lifetime value. I'm strongest at the modeling and analysis side; comfortable with Python, scikit-learn, pandas, and standard MLOps tooling, but I'm still building depth on the engineering and infra side of production ML. I want to grow into senior AI engineering — get serious about LLMs and retrieval beyond the surface level.","Noida, Uttar Pradesh",India,6.4,Senior Software Engineer (ML),Tech Mahindra,10001+,IT Services,"Embeddings (advanced), Illustrator (beginner), pgvector (advanced), Elasticsearch (advanced), LoRA (advanced), BentoML (advanced), OpenCV (intermediate), PEFT (advanced), Weights & Biases (advanced), MLflow (advanced), Qdrant (advanced), CI/CD (beginner), Vue.js (beginner)",Senior Software Engineer (ML) at Tech Mahindra (38 mos) | ML Engineer at Freshworks (19 mos) | Data Scientist at Paytm (19 mos),B.Tech in Computer Science from IIT Delhi | B.Tech in Artificial Intelligence from SRM Chennai,,97.0,2025-07-14,2026-05-22,True,106,3,0.79,6.6,430,50,45,33.5,48.0,remote,True,27.7,211,26,0.7,0.52,True,True,True
CAND_0052682,37,0.5976,"NLP Engineer with 6.6 YOE based in Vizag, Andhra Pradesh, strong JD alignment via: Embeddings, LLMs.",Ira Mukherjee,NLP Engineer | Applied ML | Building intelligent products,"Machine learning engineer with 6.6 years of experience building ML-powered features in production. Strong background in NLP, recommendation systems, and applied AI; comfortable across the ML stack from feature engineering through deployment. Recently, I've been the de-facto ML lead on a small team, shipping models across NLP and recsys. I care a lot about evaluation rigor — too many teams ship models without offline benchmarks they trust. My academic background is in CS/ML but my main learning has come from shipping real systems and seeing what holds up under production load. Open to senior IC roles in applied ML or AI engineering, ideally at product companies where I'd own a meaningful piece of the ML stack.","Vizag, Andhra Pradesh",India,6.6,NLP Engineer,Aganitha,51-200,AI/ML,"Statistical Modeling (intermediate), QLoRA (expert), Semantic Search (expert), FAISS (expert), PyTorch (expert), gRPC (intermediate), LLMs (expert), Excel (beginner), TTS (advanced), Six Sigma (intermediate), Data Science (advanced), Forecasting (advanced), Python (expert), Embeddings (expert), Fine-tuning LLMs (expert)",NLP Engineer at Aganitha (46 mos) | NLP Engineer at Salesforce (32 mos),M.E. in Information Technology from NIT Warangal | Ph.D in Computer Science from IIT Guwahati,Google Cloud Professional ML Engineer,85.4,2025-09-21,2026-03-28,True,290,21,0.88,34.2,1100,128,30,39.7,54.5,onsite,False,72.4,850,16,0.88,0.85,True,True,True
CAND_0055960,38,0.5958,"AI Specialist with 4.9 YOE based in San Francisco (open to relocation), strong JD alignment via: LLMs.",Saanvi Vora,AI Specialist | Building ML-powered solutions,"Data scientist / ML engineer with 4.9 years of experience in applied machine learning. Worked across predictive modeling, NLP, analytics, and lightweight deployment workflows. My current role is split between dashboarding/analytics and shipping production ML models. I'm strongest at the modeling and analysis side; comfortable with Python, scikit-learn, pandas, and standard MLOps tooling, but I'm still building depth on the engineering and infra side of production ML. Looking for a role where I can step up to more end-to-end ownership of ML systems, not just modeling.",San Francisco,USA,4.9,AI Specialist,Dream11,1001-5000,Gaming,"Feature Engineering (intermediate), Django (beginner), Reinforcement Learning (advanced), Hadoop (intermediate), BentoML (advanced), Machine Learning (advanced), Qdrant (intermediate), Statistical Modeling (intermediate), PyTorch (advanced), Time Series (intermediate), Tailwind (beginner), MLflow (intermediate), LLMs (advanced)",AI Specialist at Dream11 (31 mos) | AI Research Engineer at Razorpay (27 mos),B.E. in Information Technology from IIT Madras,"AWS Certified Machine Learning Specialty, NLP Specialization",99.7,2026-01-04,2026-05-26,True,3,16,0.89,2.2,231,134,90,20.4,44.3,remote,True,51.3,688,26,0.78,0.46,True,True,True
CAND_0080577,39,0.5956,"Full Stack Developer with 5.4 YOE based in Pune, Maharashtra, strong JD alignment via: Data Science, MLflow, GANs.",Kiara Patel,Full Stack Developer | Backend systems & APIs,"Software engineer with 5.4 years of experience across web, backend, and cloud systems. Strong fundamentals in software development and system design. Most of my work is conventional backend engineering — APIs, databases, queues, deployments. I've been keeping up with AI/ML at a self-learner level — taken some online courses, played with the OpenAI and Anthropic APIs, built a small RAG side project — but I haven't done it in a professional capacity yet. Open to roles where I can either deepen my software engineering work or, if the team is open to it, start contributing to ML-adjacent systems.","Pune, Maharashtra",India,5.4,Full Stack Developer,Hooli,1001-5000,Software,"Azure (intermediate), MLflow (intermediate), Sentence Transformers (advanced), Rust (beginner), Agile (intermediate), Tailwind (beginner), Microservices (intermediate), Data Pipelines (beginner), Data Science (advanced), GANs (intermediate)",Full Stack Developer at Hooli (40 mos) | Software Engineer at Acme Corp (24 mos),B.Tech in Physics from VIT Chennai,,75.6,2024-02-02,2025-12-30,True,17,8,0.52,85.5,732,10,30,18.3,32.0,flexible,False,58.5,53,17,0.94,0.73,True,True,True
CAND_0037706,40,0.5954,"Data Analyst with 6.1 YOE based in Hyderabad, Telangana, strong JD alignment via: Tally, GraphQL, Reinforcement Learning.",Ayaan Goyal,Data Analyst | Data pipelines & analytics,"Software / data professional with 6.1 years of experience building data pipelines, backend systems, and analytics infrastructure. I'm a backend/data hybrid — Spark, Airflow, SQL warehouses are home territory; I'm building competence on the ML side. My toolkit is solid on the data engineering side — Python, SQL, Spark, Airflow, warehouse design — and I've completed a couple of self-directed ML projects (Kaggle competitions, side projects fine-tuning small models). Interested in transitioning toward more AI/ML-focused work, ideally at a company where I can leverage my existing data-infra skills while learning modern ML practice.","Hyderabad, Telangana",India,6.1,Data Analyst,InMobi,1001-5000,AdTech,"Terraform (intermediate), CSS (beginner), Milvus (intermediate), Image Classification (intermediate), GraphQL (intermediate), Time Series (advanced), Reinforcement Learning (intermediate), Tally (intermediate), Speech Recognition (advanced), Project Management (intermediate)",Data Analyst at InMobi (28 mos) | Senior Data Engineer at Nykaa (44 mos),M.Sc in Information Technology from SRM University,,58.9,2024-12-17,2026-03-23,True,1,9,0.75,48.7,162,82,30,14.0,22.3,flexible,False,68.6,203,19,0.89,0.76,True,True,True
CAND_0054546,41,0.5951,"AI Research Engineer with 4.9 YOE based in Pune, Maharashtra, strong JD alignment via: Forecasting, BM25, Qdrant.",Pooja Ghosh,AI Research Engineer | Building ML-powered solutions,"Data scientist / ML engineer with 4.9 years of experience in applied machine learning. Worked across predictive modeling, NLP, analytics, and lightweight deployment workflows. Most of my recent work has been on predictive modeling for customer-facing problems — churn, conversion, lifetime value. I'm strongest at the modeling and analysis side; comfortable with Python, scikit-learn, pandas, and standard MLOps tooling, but I'm still building depth on the engineering and infra side of production ML. I want to grow into senior AI engineering — get serious about LLMs and retrieval beyond the surface level.","Pune, Maharashtra",India,4.9,AI Research Engineer,Razorpay,1001-5000,Fintech,"TTS (intermediate), Forecasting (advanced), Qdrant (advanced), Reinforcement Learning (advanced), Hugging Face Transformers (intermediate), Agile (beginner), BM25 (advanced), Prompt Engineering (advanced), Statistical Modeling (intermediate), Diffusion Models (intermediate), Learning to Rank (intermediate), Weights & Biases (intermediate), OpenCV (intermediate), FastAPI (beginner), LoRA (advanced), BentoML (intermediate)",AI Research Engineer at Razorpay (58 mos),M.Tech in Computer Science from Amity University,,99.8,2026-01-08,2026-05-24,True,97,10,0.92,2.2,208,55,90,18.5,36.3,remote,False,75.2,345,41,0.76,-1,True,True,False
CAND_0078002,42,0.5946,"Machine Learning Engineer with 6.3 YOE based in Coimbatore, Tamil Nadu, strong JD alignment via: QLoRA, Haystack, NLP.",Reyansh Sharma,"Machine Learning Engineer | Search, Ranking & Retrieval","Machine learning engineer with 6.3 years of experience building ML-powered features in production. Strong background in NLP, recommendation systems, and applied AI; comfortable across the ML stack from feature engineering through deployment. Recently, I shipped our first RAG-based feature this year and now own the eval framework for it. Along the way I've gotten comfortable with the operational side — A/B testing, drift monitoring, retraining schedules. My academic background is in CS/ML but my main learning has come from shipping real systems and seeing what holds up under production load. Open to senior IC roles in applied ML or AI engineering, ideally at product companies where I'd own a meaningful piece of the ML stack.","Coimbatore, Tamil Nadu",India,6.3,Machine Learning Engineer,Meta,10001+,Internet,"Statistical Modeling (advanced), pgvector (expert), Flask (intermediate), FastAPI (beginner), TensorFlow (expert), NLP (expert), BentoML (advanced), scikit-learn (advanced), Time Series (advanced), Hugging Face Transformers (expert), Weaviate (advanced), LlamaIndex (expert), Deep Learning (advanced), QLoRA (expert), LangChain (advanced), Haystack (expert)",Machine Learning Engineer at Meta (34 mos) | Applied ML Engineer at Genpact AI (30 mos) | Senior Data Scientist at CRED (10 mos),M.E. in Artificial Intelligence from NIT Trichy | B.E. in Machine Learning from IIT Guwahati,,85.8,2024-08-02,2026-04-21,True,173,12,0.86,54.2,1292,53,60,35.3,52.2,hybrid,False,50.6,798,6,0.86,0.41,True,True,True
CAND_0040946,43,0.5944,"AI Research Engineer with 6.0 YOE based in Pune, Maharashtra, strong JD alignment via: Qdrant, Deep Learning, Weights & Biases.",Sunil Shah,AI Research Engineer | Data Science & ML enthusiast,"Data scientist / ML engineer with 6.0 years of experience in applied machine learning. Worked across predictive modeling, NLP, analytics, and lightweight deployment workflows. I've spent the last couple of years building NLP-based classification and information extraction pipelines. I'm strongest at the modeling and analysis side; comfortable with Python, scikit-learn, pandas, and standard MLOps tooling, but I'm still building depth on the engineering and infra side of production ML. I want to grow into senior AI engineering — get serious about LLMs and retrieval beyond the surface level.","Pune, Maharashtra",India,6.0,AI Research Engineer,TCS,10001+,IT Services,"Hugging Face Transformers (intermediate), Speech Recognition (intermediate), FastAPI (beginner), Qdrant (advanced), Deep Learning (advanced), Diffusion Models (intermediate), Time Series (advanced), Weights & Biases (advanced), MLflow (advanced), Image Classification (advanced), Forecasting (advanced), BentoML (advanced), NLP (advanced), Learning to Rank (intermediate), BigQuery (intermediate)",AI Research Engineer at TCS (33 mos) | Junior ML Engineer at Freshworks (38 mos),B.Sc in Computer Science from IIT Kharagpur | M.E. in Computer Science from Christ University,"Deep Learning Specialization, NLP Specialization",63.5,2024-04-19,2026-05-20,True,106,18,0.28,32.6,356,109,45,27.6,47.7,hybrid,False,22.2,497,10,0.53,0.87,True,True,False
CAND_0070514,44,0.5943,"AI Specialist with 5.5 YOE based in Bangalore, Karnataka (open to relocation), strong JD alignment via: OpenSearch, Kubeflow, BentoML.",Anika Banerjee,AI Specialist | Building ML-powered solutions,"Data scientist / ML engineer with 5.5 years of experience in applied machine learning. Worked across predictive modeling, NLP, analytics, and lightweight deployment workflows. I've been working on recommendation-style features but lighter on the deep-learning side — mostly classical methods like collaborative filtering and gradient-boosted models. I'm strongest at the modeling and analysis side; comfortable with Python, scikit-learn, pandas, and standard MLOps tooling, but I'm still building depth on the engineering and infra side of production ML. Looking for a role where I can step up to more end-to-end ownership of ML systems, not just modeling.","Bangalore, Karnataka",India,5.5,AI Specialist,Glance,501-1000,AI/ML,"Webpack (beginner), BentoML (intermediate), MLflow (advanced), Pinecone (intermediate), Python (intermediate), Apache Beam (beginner), MLOps (intermediate), Kubeflow (advanced), PEFT (intermediate), Speech Recognition (intermediate), LoRA (intermediate), GANs (advanced), FAISS (intermediate), TTS (intermediate), OpenSearch (advanced)",AI Specialist at Glance (43 mos) | Junior ML Engineer at BYJU'S (22 mos),M.S. in Information Technology from BITS Pilani | Ph.D in Information Technology from Amity University,,79.3,2024-11-09,2026-05-20,True,64,16,0.8,8.6,421,11,60,18.7,53.7,hybrid,True,40.6,764,15,0.99,0.81,True,True,True
CAND_0059795,45,0.5938,"Senior Software Engineer (ML) with 5.6 YOE based in Mumbai, Maharashtra (open to relocation), strong JD alignment via: LLMs.",Pooja Chopra,Senior Software Engineer (ML) | Data Science & ML enthusiast,"Data scientist / ML engineer with 5.6 years of experience in applied machine learning. Worked across predictive modeling, NLP, analytics, and lightweight deployment workflows. My current role is split between dashboarding/analytics and shipping production ML models. I'm strongest at the modeling and analysis side; comfortable with Python, scikit-learn, pandas, and standard MLOps tooling, but I'm still building depth on the engineering and infra side of production ML. I'm looking to grow into a deeper AI/ML system-building role — closer to retrieval, LLMs, and modern ranking systems.","Mumbai, Maharashtra",India,5.6,Senior Software Engineer (ML),Locobuzz,51-200,AI/ML,"LangChain (intermediate), JavaScript (beginner), LLMs (intermediate), GANs (advanced), Speech Recognition (advanced), Hugging Face Transformers (advanced), Python (advanced), Machine Learning (advanced), Time Series (intermediate), Forecasting (advanced), Azure (intermediate), Object Detection (advanced), Data Science (advanced), YOLO (intermediate)",Senior Software Engineer (ML) at Locobuzz (34 mos) | Junior ML Engineer at Wysa (22 mos) | AI Specialist at Paytm (9 mos),M.S. in Computer Science from Lovely Professional University,"AWS Certified Machine Learning Specialty, NLP Specialization",53.8,2025-12-17,2026-02-23,True,37,5,0.75,115.0,658,38,45,18.0,49.2,onsite,True,56.6,573,38,0.89,0.64,True,True,True
CAND_0027691,46,0.5934,"NLP Engineer with 6.5 YOE based in Pune, Maharashtra, strong JD alignment via: Embeddings.",Ayaan Goyal,"NLP Engineer | ML, NLP, Recommendation Systems","Machine learning engineer with 6.5 years of experience building ML-powered features in production. Strong background in NLP, recommendation systems, and applied AI; comfortable across the ML stack from feature engineering through deployment. Recently, my main project for the last 18 months has been the recommendation system that powers our discovery feed. Along the way I've gotten comfortable with the operational side — A/B testing, drift monitoring, retraining schedules. My academic background is in CS/ML but my main learning has come from shipping real systems and seeing what holds up under production load. Open to senior IC roles in applied ML or AI engineering, ideally at product companies where I'd own a meaningful piece of the ML stack.","Pune, Maharashtra",India,6.5,NLP Engineer,Haptik,201-500,Conversational AI,"SAP (beginner), LoRA (expert), PEFT (advanced), Recommendation Systems (expert), Statistical Modeling (intermediate), Weaviate (expert), scikit-learn (advanced), Marketing (beginner), Embeddings (advanced), Learning to Rank (advanced), TTS (intermediate), QLoRA (expert), TensorFlow (expert), Semantic Search (expert), Python (advanced), MLflow (advanced), Computer Vision (advanced)",NLP Engineer at Haptik (27 mos) | Applied ML Engineer at Vedantu (33 mos) | AI Engineer at Meta (16 mos),M.Sc in Machine Learning from Thapar University | M.E. in Data Science from KIIT University,,96.3,2024-09-14,2026-03-31,True,14,1,0.68,14.7,447,154,15,26.1,65.0,hybrid,False,58.5,100,25,0.63,0.62,True,True,True
CAND_0008425,47,0.5933,"Senior NLP Engineer with 7.8 YOE based in Kolkata, West Bengal, strong JD alignment via: TensorFlow, Information Retrieval, Sentence Transformers.",Myra Krishnan,Senior NLP Engineer | Production ML at scale | 7.8+ yrs,"Senior AI engineer with 7.8 years of hands-on experience building production ML systems, with a focus on search, retrieval, and ranking. Most recently, I rebuilt the candidate-JD matching pipeline from scratch, taking it from 0.72 to 0.91 NDCG@10, operating at single-digit-millisecond p95 retrieval latency. My day-to-day work spans embedding model selection and fine-tuning, hybrid retrieval architecture, learning-to-rank, behavioral-signal integration, and the offline/online evaluation that ties it all together. I've shipped systems in both early-stage product companies and at larger scale, and I've spent enough time on both that I know which tradeoffs apply where. I've made all the standard mistakes — embedding everything before defining the metric, over-investing in fine-tuning, optimizing offline metrics that don't move online — so I notice them faster now. Currently exploring my next move — looking for senior IC or tech-lead roles where I can own the intelligence layer end-to-end.","Kolkata, West Bengal",India,7.8,Senior NLP Engineer,Ola,5001-10000,Transportation,"Learning to Rank (expert), Qdrant (expert), Weights & Biases (advanced), pgvector (expert), Sentence Transformers (expert), NLP (expert), Haystack (expert), TensorFlow (advanced), Python (expert), Prompt Engineering (advanced), Image Classification (intermediate), Object Detection (advanced), Semantic Search (advanced), LoRA (expert), Recommendation Systems (expert), Information Retrieval (expert), Hugging Face Transformers (expert)",Senior NLP Engineer at Ola (25 mos) | Senior ML Engineer — Search & Ranking at Zomato (46 mos) | Lead AI Engineer at Amazon (21 mos),M.S. in Computer Engineering from BITS Pilani,"Deep Learning Specialization, AWS Certified Machine Learning Specialty",57.2,2024-11-12,2026-04-25,True,260,10,0.66,10.8,1421,97,90,37.7,74.5,remote,False,53.3,1136,55,0.77,0.41,True,True,True
CAND_0099806,48,0.5932,"AI Engineer with 4.6 YOE based in Bhubaneswar, Odisha (open to relocation), strong JD alignment via: Embeddings.",Pranav Subramanian,"AI Engineer | Search, Ranking & Retrieval","Machine learning engineer with 4.6 years of experience building ML-powered features in production. Strong background in NLP, recommendation systems, and applied AI; comfortable across the ML stack from feature engineering through deployment. Recently, I led the team that migrated our keyword-search-based product to embedding-based retrieval. I've spent enough time debugging production ranking issues to know which signals matter and which are noise. My academic background is in CS/ML but my main learning has come from shipping real systems and seeing what holds up under production load. Open to senior IC roles in applied ML or AI engineering, ideally at product companies where I'd own a meaningful piece of the ML stack.","Bhubaneswar, Odisha",India,4.6,AI Engineer,Mad Street Den,201-500,AI/ML,"LoRA (expert), OpenCV (intermediate), Statistical Modeling (advanced), RAG (advanced), Agile (intermediate), Prompt Engineering (expert), Speech Recognition (intermediate), Reinforcement Learning (intermediate), pgvector (advanced), FAISS (expert), Embeddings (expert), Sentence Transformers (advanced), Weaviate (advanced), Time Series (advanced), dbt (intermediate), Qdrant (expert), Elasticsearch (advanced), BM25 (advanced)",AI Engineer at Mad Street Den (33 mos) | Machine Learning Engineer at upGrad (21 mos),M.Tech in Computer Engineering from IIT Roorkee,"LangChain for LLM Application Development, Deep Learning Specialization",90.1,2024-08-20,2026-05-05,True,129,1,0.76,33.0,223,70,30,31.8,45.6,hybrid,True,86.9,401,9,0.85,0.38,True,True,True
CAND_0073883,49,0.5927,"AI Specialist with 5.3 YOE based in Chandigarh, Chandigarh (open to relocation), strong JD alignment via: PEFT, Forecasting, Image Classification.",Zara Sen,AI Specialist | Data Science & ML enthusiast,"Data scientist / ML engineer with 5.3 years of experience in applied machine learning. Worked across predictive modeling, NLP, analytics, and lightweight deployment workflows. My current role is split between dashboarding/analytics and shipping production ML models. I'm strongest at the modeling and analysis side; comfortable with Python, scikit-learn, pandas, and standard MLOps tooling, but I'm still building depth on the engineering and infra side of production ML. I'm looking to grow into a deeper AI/ML system-building role — closer to retrieval, LLMs, and modern ranking systems.","Chandigarh, Chandigarh",India,5.3,AI Specialist,Krutrim,201-500,AI/ML,"Redux (beginner), Reinforcement Learning (advanced), PEFT (advanced), Hugging Face Transformers (intermediate), Project Management (beginner), Object Detection (advanced), Microservices (beginner), Haystack (advanced), Vector Search (intermediate), Deep Learning (intermediate), Python (intermediate), PowerPoint (intermediate), Image Classification (advanced), ASR (intermediate), OpenSearch (intermediate), FAISS (intermediate), Forecasting (advanced), Statistical Modeling (advanced)",AI Specialist at Krutrim (13 mos) | AI Specialist at Flipkart (26 mos) | Junior ML Engineer at Razorpay (23 mos),M.E. in Artificial Intelligence from Lovely Professional University,,89.4,2024-04-25,2026-05-24,True,217,18,0.92,9.6,602,115,90,27.2,35.4,flexible,True,65.6,155,42,0.68,-1,True,True,True
CAND_0035321,50,0.5919,"Senior Data Engineer with 7.2 YOE based in Indore, Madhya Pradesh, strong JD alignment via: Milvus, Weights & Biases, Data Science.",Meera Iyengar,Senior Data Engineer | 7.2+ yrs in data engineering,"Software / data professional with 7.2 years of experience building data pipelines, backend systems, and analytics infrastructure. I'm a backend/data hybrid — Spark, Airflow, SQL warehouses are home territory; I'm building competence on the ML side. My toolkit is solid on the data engineering side — Python, SQL, Spark, Airflow, warehouse design — and I've completed a couple of self-directed ML projects (Kaggle competitions, side projects fine-tuning small models). Interested in transitioning toward more AI/ML-focused work, ideally at a company where I can leverage my existing data-infra skills while learning modern ML practice.","Indore, Madhya Pradesh",India,7.2,Senior Data Engineer,Flipkart,10001+,E-commerce,"Object Detection (advanced), TypeScript (beginner), Content Writing (intermediate), Figma (beginner), Feature Engineering (advanced), Weights & Biases (advanced), Statistical Modeling (advanced), AWS (beginner), MongoDB (intermediate), Data Science (advanced), ETL (beginner), Milvus (advanced), Accounting (beginner), Angular (intermediate), CNN (advanced), LlamaIndex (intermediate), FAISS (intermediate)",Senior Data Engineer at Flipkart (37 mos) | Analytics Engineer at Flipkart (15 mos) | Analytics Engineer at Globex Inc (33 mos),B.E. in Data Science from KIIT University | Ph.D in Mechanical Engineering from Regional Technical Institute,,85.4,2024-08-19,2026-02-11,True,63,0,0.71,86.2,308,42,30,13.5,44.5,onsite,False,63.0,135,19,0.8,-1,True,True,True
CAND_0081480,51,0.5916,"Computer Vision Engineer with 5.6 YOE based in Noida, Uttar Pradesh, strong JD alignment via: Fine-tuning LLMs, ASR, BM25.",Sneha Hegde,Computer Vision Engineer | Building ML-powered solutions,"Data scientist / ML engineer with 5.6 years of experience in applied machine learning. Worked across predictive modeling, NLP, analytics, and lightweight deployment workflows. I've spent the last couple of years building NLP-based classification and information extraction pipelines. I'm strongest at the modeling and analysis side; comfortable with Python, scikit-learn, pandas, and standard MLOps tooling, but I'm still building depth on the engineering and infra side of production ML. I want to grow into senior AI engineering — get serious about LLMs and retrieval beyond the surface level.","Noida, Uttar Pradesh",India,5.6,Computer Vision Engineer,Sarvam AI,51-200,AI/ML,"BM25 (intermediate), ASR (intermediate), BentoML (intermediate), GANs (intermediate), Recommendation Systems (intermediate), Vector Search (intermediate), PyTorch (intermediate), Fine-tuning LLMs (advanced), Content Writing (beginner), Kubeflow (intermediate), CI/CD (beginner), FAISS (advanced)",Computer Vision Engineer at Sarvam AI (42 mos) | Computer Vision Engineer at Unacademy (25 mos),B.E. in Machine Learning from Jadavpur University,,61.2,2024-03-08,2026-03-30,True,160,1,0.85,15.4,328,38,60,20.4,53.9,hybrid,False,61.1,429,31,0.97,-1,True,True,True
CAND_0005269,52,0.5906,"Senior Software Engineer (ML) with 6.1 YOE based in Kochi, Kerala, strong JD alignment via: Elasticsearch, Speech Recognition, FAISS.",Nisha Bose,Senior Software Engineer (ML) | 6.1 yrs in analytics & ML,"Data scientist / ML engineer with 6.1 years of experience in applied machine learning. Worked across predictive modeling, NLP, analytics, and lightweight deployment workflows. I've spent the last couple of years building NLP-based classification and information extraction pipelines. I'm strongest at the modeling and analysis side; comfortable with Python, scikit-learn, pandas, and standard MLOps tooling, but I'm still building depth on the engineering and infra side of production ML. I want to grow into senior AI engineering — get serious about LLMs and retrieval beyond the surface level.","Kochi, Kerala",India,6.1,Senior Software Engineer (ML),Sarvam AI,51-200,AI/ML,"Information Retrieval (intermediate), Machine Learning (advanced), Object Detection (intermediate), YOLO (intermediate), Airflow (beginner), Hugging Face Transformers (intermediate), Fine-tuning LLMs (intermediate), Weights & Biases (advanced), Elasticsearch (advanced), MLflow (intermediate), FAISS (advanced), Weaviate (advanced), OpenCV (intermediate), Statistical Modeling (intermediate), Speech Recognition (advanced)",Senior Software Engineer (ML) at Sarvam AI (45 mos) | AI Research Engineer at Saarthi.ai (27 mos),Ph.D in Information Technology from Manipal Institute of Technology,"Google Cloud Professional ML Engineer, AWS Certified Machine Learning Specialty",53.4,2025-07-16,2026-04-29,True,51,10,0.28,10.6,989,36,45,27.8,32.8,onsite,False,55.2,554,21,0.78,0.39,True,True,True
CAND_0082688,53,0.5902,"Senior Data Engineer with 7.7 YOE based in Sydney (open to relocation), strong JD alignment via: Data Science, Computer Vision, REST APIs.",Vikram Kapoor,Senior Data Engineer | 7.7+ yrs in data engineering,"Software / data professional with 7.7 years of experience building data pipelines, backend systems, and analytics infrastructure. Started my career in backend engineering and gradually moved closer to data — first dashboards, then ETL, now some basic ML. My toolkit is solid on the data engineering side — Python, SQL, Spark, Airflow, warehouse design — and I've completed a couple of self-directed ML projects (Kaggle competitions, side projects fine-tuning small models). Interested in transitioning toward more AI/ML-focused work, ideally at a company where I can leverage my existing data-infra skills while learning modern ML practice.",Sydney,Australia,7.7,Senior Data Engineer,Initech,51-200,Software,"Data Science (advanced), FastAPI (beginner), SEO (intermediate), Computer Vision (advanced), Elasticsearch (intermediate), Statistical Modeling (intermediate), REST APIs (beginner), Forecasting (advanced), Airflow (beginner)",Senior Data Engineer at Initech (46 mos) | Senior Data Engineer at PhonePe (34 mos) | Backend Engineer at Hooli (10 mos),B.E. in Computer Science from Thapar University,AWS Certified Cloud Practitioner,66.6,2024-03-02,2026-04-30,True,6,9,0.22,37.4,41,95,60,15.0,41.4,remote,True,65.8,436,20,0.73,0.4,True,True,True
CAND_0046064,54,0.5893,"Senior NLP Engineer with 8.9 YOE based in Coimbatore, Tamil Nadu, strong JD alignment via: Deep Learning, Pinecone, BM25.",Saanvi Naidu,"Senior NLP Engineer | LLMs, RAG, Vector Search | ex-Top Tech","Senior AI engineer with 8.9 years of hands-on experience building production ML systems, with a focus on search, retrieval, and ranking. Most recently, I rebuilt the candidate-JD matching pipeline from scratch, taking it from 0.72 to 0.91 NDCG@10, operating at single-digit-millisecond p95 retrieval latency. My day-to-day work spans embedding model selection and fine-tuning, hybrid retrieval architecture, learning-to-rank, behavioral-signal integration, and the offline/online evaluation that ties it all together. I've shipped systems in both early-stage product companies and at larger scale, and I've spent enough time on both that I know which tradeoffs apply where. I believe most ranking problems are solved by careful feature engineering and rigorous eval, not by bigger models. Currently exploring my next move — looking for senior IC or tech-lead roles where I can own the intelligence layer end-to-end.","Coimbatore, Tamil Nadu",India,8.9,Senior NLP Engineer,Salesforce,10001+,Software,"Python (expert), Image Classification (advanced), OpenCV (advanced), Pinecone (expert), Haystack (expert), Six Sigma (intermediate), TTS (advanced), Diffusion Models (intermediate), BM25 (expert), YOLO (advanced), OpenSearch (advanced), PEFT (expert), Deep Learning (advanced), Elasticsearch (expert), QLoRA (advanced), Semantic Search (advanced)",Senior NLP Engineer at Salesforce (36 mos) | Lead AI Engineer at Verloop.io (34 mos) | Senior ML Engineer — Search & Ranking at Amazon (36 mos),M.Tech in Artificial Intelligence from IIT Hyderabad | B.Tech in Artificial Intelligence from BITS Pilani,,75.3,2025-07-13,2026-04-26,True,323,3,0.78,40.8,1838,132,30,36.6,53.4,flexible,False,67.3,802,25,0.8,-1,True,True,True
CAND_0069905,55,0.5889,"Applied ML Engineer with 6.6 YOE based in Bhubaneswar, Odisha (open to relocation), strong JD alignment via: Python, Sentence Transformers, TensorFlow.",Nisha Bansal,"Applied ML Engineer | Search, Ranking & Retrieval","Machine learning engineer with 6.6 years of experience building ML-powered features in production. Strong background in NLP, recommendation systems, and applied AI; comfortable across the ML stack from feature engineering through deployment. Recently, I led the team that migrated our keyword-search-based product to embedding-based retrieval. Along the way I've gotten comfortable with the operational side — A/B testing, drift monitoring, retraining schedules. My academic background is in CS/ML but my main learning has come from shipping real systems and seeing what holds up under production load. Open to senior IC roles in applied ML or AI engineering, ideally at product companies where I'd own a meaningful piece of the ML stack.","Bhubaneswar, Odisha",India,6.6,Applied ML Engineer,Sarvam AI,51-200,AI/ML,"Flask (beginner), Redux (intermediate), LoRA (expert), Computer Vision (intermediate), Speech Recognition (advanced), Image Classification (advanced), Recommendation Systems (expert), Sentence Transformers (expert), LangChain (expert), TensorFlow (advanced), Hugging Face Transformers (advanced), MLOps (advanced), Forecasting (intermediate), Python (expert), Object Detection (intermediate), Weaviate (expert), Learning to Rank (expert)",Applied ML Engineer at Sarvam AI (26 mos) | Machine Learning Engineer at Nykaa (13 mos) | Recommendation Systems Engineer at Observe.AI (39 mos),M.E. in Computer Engineering from PES University,AWS Certified Machine Learning Specialty,63.6,2025-11-19,2026-04-21,True,59,18,0.78,68.8,883,108,90,24.8,58.9,onsite,True,44.8,315,57,0.93,0.53,True,True,True
CAND_0000165,56,0.5888,"AI Specialist with 6.8 YOE based in San Francisco (open to relocation), strong JD alignment via: ASR, Information Retrieval, Vector Search.",Suresh Reddy,AI Specialist | Building ML-powered solutions,"Data scientist / ML engineer with 6.8 years of experience in applied machine learning. Worked across predictive modeling, NLP, analytics, and lightweight deployment workflows. I've spent the last couple of years building NLP-based classification and information extraction pipelines. I'm strongest at the modeling and analysis side; comfortable with Python, scikit-learn, pandas, and standard MLOps tooling, but I'm still building depth on the engineering and infra side of production ML. I'm looking to grow into a deeper AI/ML system-building role — closer to retrieval, LLMs, and modern ranking systems.",San Francisco,USA,6.8,AI Specialist,Mad Street Den,201-500,AI/ML,"BentoML (advanced), Information Retrieval (advanced), Semantic Search (intermediate), TTS (intermediate), Next.js (beginner), Prompt Engineering (intermediate), Vector Search (advanced), YOLO (advanced), Image Classification (intermediate), Qdrant (advanced), Sentence Transformers (intermediate), Airflow (intermediate), PostgreSQL (beginner), ASR (advanced)",AI Specialist at Mad Street Den (22 mos) | ML Engineer at BYJU'S (58 mos),M.E. in Machine Learning from BITS Pilani,"Deep Learning Specialization, NLP Specialization",63.8,2025-05-30,2026-05-11,True,167,16,0.3,90.9,556,111,120,25.0,30.3,hybrid,True,61.5,173,18,0.96,0.78,True,True,True
CAND_0043693,57,0.5886,"Data Engineer with 6.7 YOE based in Noida, Uttar Pradesh, strong JD alignment via: LLMs.",Ishaan Subramanian,"Data Engineer | SQL, Spark, Cloud","Software / data professional with 6.7 years of experience building data pipelines, backend systems, and analytics infrastructure. I've been the engineer who makes ML possible by getting the data pipelines right; now I want to do more of the ML itself. My toolkit is solid on the data engineering side — Python, SQL, Spark, Airflow, warehouse design — and I've completed a couple of self-directed ML projects (Kaggle competitions, side projects fine-tuning small models). Interested in transitioning toward more AI/ML-focused work, ideally at a company where I can leverage my existing data-infra skills while learning modern ML practice.","Noida, Uttar Pradesh",India,6.7,Data Engineer,PolicyBazaar,5001-10000,Insurance Tech,"Weaviate (advanced), LLMs (advanced), Agile (intermediate), Scrum (beginner), Vector Search (advanced), BigQuery (intermediate), Forecasting (intermediate), Statistical Modeling (intermediate), MLOps (intermediate), Time Series (intermediate), Project Management (intermediate)",Data Engineer at PolicyBazaar (49 mos) | Senior Data Engineer at Hooli (31 mos),B.Sc in Information Technology from SRM Chennai | B.Sc in Information Technology from RV College of Engineering,,69.7,2024-05-28,2026-05-24,True,83,5,0.78,9.3,660,27,120,14.4,27.0,hybrid,False,57.5,254,9,0.67,0.7,True,True,False
CAND_0035256,58,0.5885,"QA Engineer with 8.0 YOE based in Noida, Uttar Pradesh, strong JD alignment via: Prompt Engineering, dbt, Apache Beam.",Nikhil Mishra,QA Engineer | Full-stack development,"Software engineer with 8.0 years of experience across web, backend, and cloud systems. Strong fundamentals in software development and system design. I've worked across web frontends, REST APIs, and cloud deployments; comfortable in most parts of a typical SaaS stack. I've been keeping up with AI/ML at a self-learner level — taken some online courses, played with the OpenAI and Anthropic APIs, built a small RAG side project — but I haven't done it in a professional capacity yet. Open to roles where I can either deepen my software engineering work or, if the team is open to it, start contributing to ML-adjacent systems.","Noida, Uttar Pradesh",India,8.0,QA Engineer,Pied Piper,11-50,Software,"HTML (intermediate), CNN (intermediate), Spark (beginner), Apache Beam (intermediate), FastAPI (intermediate), BM25 (intermediate), Prompt Engineering (advanced), dbt (intermediate), AWS (beginner), BentoML (intermediate), TypeScript (intermediate)",QA Engineer at Pied Piper (50 mos) | .NET Developer at Zomato (45 mos),B.Sc in Computer Science from Bharati Vidyapeeth,"AWS Certified Cloud Practitioner, Scrum Master Certified",57.5,2023-09-09,2026-04-14,True,17,11,0.85,18.4,542,13,90,12.2,31.1,remote,False,29.9,32,1,0.74,-1,True,True,True
CAND_0030468,59,0.5885,"Senior Applied Scientist with 5.4 YOE based in Indore, Madhya Pradesh (open to relocation), strong JD alignment via: Search & Discovery, Text Encoders, Content Matching.",Pooja Bose,Senior Engineer | Search & Discovery Infrastructure,"Senior engineer who has spent the last several years building systems that connect users with relevant information at scale. Comfortable across the full stack from infrastructure to algorithms to product experience, though most of my time has been in the middle layer — the ranking and retrieval systems that decide what to show. Strong preference for shipping real systems over research-only work; I'd rather have a working v1 in 6 weeks than a perfect v2 in 6 months. I've made the standard mistakes — over-engineering early, optimizing offline metrics that didn't move online numbers, building beautiful infrastructure for features that users didn't actually want — so I notice them faster now. Looking for senior IC or tech-lead roles where I can own the intelligence layer end-to-end at a product company.","Indore, Madhya Pradesh",India,5.4,Senior Applied Scientist,Swiggy,5001-10000,Food Delivery,"Information Retrieval Systems (advanced), Content Matching (expert), Text Encoders (expert), TensorFlow (advanced), Search & Discovery (expert), CNN (intermediate), Model Adaptation (expert), Machine Learning (expert), Ranking Systems (expert), Diffusion Models (intermediate), OpenSearch (expert), Computer Vision (advanced), Milvus (expert), Recommendation Systems (expert)",Senior Applied Scientist at Swiggy (14 mos) | Senior Applied Scientist at CRED (18 mos) | Senior Machine Learning Engineer at Wysa (32 mos),M.Tech in Machine Learning from IIT Delhi | M.Tech in Machine Learning from IIT Delhi,"Google Cloud Professional ML Engineer, Deep Learning Specialization",84.7,2025-12-03,2026-05-03,True,135,13,0.78,4.7,1655,118,45,46.5,59.1,remote,True,45.0,148,17,0.82,0.56,True,True,True
CAND_0011643,60,0.5879,"AI Research Engineer with 4.2 YOE based in Jaipur, Rajasthan, strong JD alignment via: LLMs.",Meera Patel,AI Research Engineer | Data Science & ML enthusiast,"Data scientist / ML engineer with 4.2 years of experience in applied machine learning. Worked across predictive modeling, NLP, analytics, and lightweight deployment workflows. I've been working on recommendation-style features but lighter on the deep-learning side — mostly classical methods like collaborative filtering and gradient-boosted models. I'm strongest at the modeling and analysis side; comfortable with Python, scikit-learn, pandas, and standard MLOps tooling, but I'm still building depth on the engineering and infra side of production ML. I'm looking to grow into a deeper AI/ML system-building role — closer to retrieval, LLMs, and modern ranking systems.","Jaipur, Rajasthan",India,4.2,AI Research Engineer,Swiggy,5001-10000,Food Delivery,"Pinecone (advanced), Illustrator (beginner), Image Classification (advanced), Prompt Engineering (intermediate), Forecasting (intermediate), Hadoop (intermediate), LlamaIndex (advanced), GANs (intermediate), LLMs (intermediate), Apache Flink (intermediate), BentoML (intermediate), CNN (intermediate), FAISS (intermediate), TTS (advanced), Django (intermediate)",AI Research Engineer at Swiggy (22 mos) | Senior Software Engineer (ML) at Saarthi.ai (27 mos),Ph.D in Computer Engineering from SRM University,,73.4,2024-04-06,2026-05-12,True,208,3,0.85,21.6,475,134,90,37.5,42.5,remote,False,84.6,790,17,0.68,0.47,True,True,True
CAND_0089012,61,0.5879,"AI Specialist with 4.2 YOE based in Mumbai, Maharashtra, strong JD alignment via: NLP, Speech Recognition, MLOps.",Sai Bose,AI Specialist | 4.2 yrs in analytics & ML,"Data scientist / ML engineer with 4.2 years of experience in applied machine learning. Worked across predictive modeling, NLP, analytics, and lightweight deployment workflows. I've spent the last couple of years building NLP-based classification and information extraction pipelines. I'm strongest at the modeling and analysis side; comfortable with Python, scikit-learn, pandas, and standard MLOps tooling, but I'm still building depth on the engineering and infra side of production ML. Looking for a role where I can step up to more end-to-end ownership of ML systems, not just modeling.","Mumbai, Maharashtra",India,4.2,AI Specialist,TCS,10001+,IT Services,"Python (intermediate), Node.js (beginner), NLP (advanced), CNN (intermediate), ETL (beginner), Learning to Rank (intermediate), scikit-learn (intermediate), MLOps (intermediate), Fine-tuning LLMs (intermediate), OpenCV (intermediate), Statistical Modeling (intermediate), Speech Recognition (advanced), Computer Vision (intermediate)",AI Specialist at TCS (50 mos),M.Tech in Data Science from IIIT Hyderabad | B.Sc in Computer Science from SRM University,"Deep Learning Specialization, Google Cloud Professional ML Engineer",59.0,2026-03-05,2026-02-17,True,79,8,0.88,87.3,1049,102,60,25.8,48.5,hybrid,False,56.3,430,24,0.79,0.57,True,True,True
CAND_0002295,62,0.5878,"Senior Software Engineer with 6.1 YOE based in Indore, Madhya Pradesh, strong JD alignment via: Statistical Modeling, Milvus, Docker.",Priya Nair,"Senior Software Engineer | SQL, Spark, Cloud","Software / data professional with 6.1 years of experience building data pipelines, backend systems, and analytics infrastructure. Most of my work has been data pipelines and analytics infrastructure; I've shipped a couple of small ML features but it's not the core of my day. My toolkit is solid on the data engineering side — Python, SQL, Spark, Airflow, warehouse design — and I've completed a couple of self-directed ML projects (Kaggle competitions, side projects fine-tuning small models). Interested in transitioning toward more AI/ML-focused work, ideally at a company where I can leverage my existing data-infra skills while learning modern ML practice.","Indore, Madhya Pradesh",India,6.1,Senior Software Engineer,Paytm,10001+,Fintech,"Data Science (intermediate), YOLO (advanced), PostgreSQL (intermediate), Milvus (advanced), Snowflake (intermediate), Statistical Modeling (advanced), Excel (intermediate), BentoML (intermediate), Docker (intermediate)",Senior Software Engineer at Paytm (46 mos) | Software Engineer at Capgemini (18 mos) | Backend Engineer at Tech Mahindra (8 mos),B.E. in Computer Engineering from NIT Warangal,,89.9,2024-04-09,2026-03-19,True,147,0,0.28,7.2,538,59,60,14.1,38.7,remote,False,38.6,207,13,0.67,0.83,True,True,True
CAND_0073007,63,0.5876,"AI Specialist with 5.8 YOE based in Bangalore, Karnataka, strong JD alignment via: Embeddings.",Ayaan Saxena,AI Specialist | 5.8 yrs in analytics & ML,"Data scientist / ML engineer with 5.8 years of experience in applied machine learning. Worked across predictive modeling, NLP, analytics, and lightweight deployment workflows. I've spent the last couple of years building NLP-based classification and information extraction pipelines. I'm strongest at the modeling and analysis side; comfortable with Python, scikit-learn, pandas, and standard MLOps tooling, but I'm still building depth on the engineering and infra side of production ML. I want to grow into senior AI engineering — get serious about LLMs and retrieval beyond the surface level.","Bangalore, Karnataka",India,5.8,AI Specialist,Aganitha,51-200,AI/ML,"Milvus (intermediate), BentoML (intermediate), PyTorch (intermediate), Embeddings (advanced), Computer Vision (intermediate), Content Writing (intermediate), Forecasting (intermediate), Speech Recognition (advanced), Statistical Modeling (advanced), Reinforcement Learning (intermediate), FAISS (advanced), MLflow (advanced), OpenCV (intermediate), pgvector (advanced)",AI Specialist at Aganitha (50 mos) | Junior ML Engineer at Glance (19 mos),M.S. in Information Technology from IIIT Hyderabad,,80.5,2025-10-21,2026-05-07,True,191,17,0.83,19.5,659,29,60,17.1,44.3,hybrid,False,66.5,309,39,0.75,0.6,True,True,False
CAND_0043860,64,0.5872,"Junior ML Engineer with 6.1 YOE based in Bhubaneswar, Odisha (open to relocation), strong JD alignment via: Semantic Search, GANs, Information Retrieval.",Pranav Sharma,Junior ML Engineer | 6.1 yrs in analytics & ML,"Data scientist / ML engineer with 6.1 years of experience in applied machine learning. Worked across predictive modeling, NLP, analytics, and lightweight deployment workflows. I've spent the last couple of years building NLP-based classification and information extraction pipelines. I'm strongest at the modeling and analysis side; comfortable with Python, scikit-learn, pandas, and standard MLOps tooling, but I'm still building depth on the engineering and infra side of production ML. I want to grow into senior AI engineering — get serious about LLMs and retrieval beyond the surface level.","Bhubaneswar, Odisha",India,6.1,Junior ML Engineer,Aganitha,51-200,AI/ML,"pgvector (intermediate), Feature Engineering (intermediate), Object Detection (intermediate), Semantic Search (advanced), Information Retrieval (advanced), Redis (beginner), OpenCV (advanced), Deep Learning (intermediate), Qdrant (intermediate), PyTorch (intermediate), Vector Search (intermediate), Forecasting (advanced), GANs (advanced), Diffusion Models (advanced)",Junior ML Engineer at Aganitha (48 mos) | Senior Software Engineer (ML) at Nykaa (25 mos),M.E. in Artificial Intelligence from PES University,,94.6,2026-05-02,2026-05-26,True,140,3,0.81,7.1,1177,105,30,16.5,32.1,hybrid,True,-1,461,33,0.94,0.8,True,True,False
CAND_0053605,65,0.5869,"Senior Software Engineer (ML) with 6.9 YOE based in Noida, Uttar Pradesh, strong JD alignment via: RAG, pgvector, Semantic Search.",Myra Mishra,Senior Software Engineer (ML) | 6.9 yrs in analytics & ML,"Data scientist / ML engineer with 6.9 years of experience in applied machine learning. Worked across predictive modeling, NLP, analytics, and lightweight deployment workflows. I've spent the last couple of years building NLP-based classification and information extraction pipelines. I'm strongest at the modeling and analysis side; comfortable with Python, scikit-learn, pandas, and standard MLOps tooling, but I'm still building depth on the engineering and infra side of production ML. Looking for a role where I can step up to more end-to-end ownership of ML systems, not just modeling.","Noida, Uttar Pradesh",India,6.9,Senior Software Engineer (ML),Verloop.io,51-200,Conversational AI,"GraphQL (intermediate), LangChain (advanced), CNN (advanced), pgvector (advanced), GCP (intermediate), Semantic Search (advanced), GANs (intermediate), RAG (advanced), BentoML (intermediate), BM25 (intermediate), Apache Flink (intermediate), Reinforcement Learning (intermediate), SAP (beginner), ASR (advanced)",Senior Software Engineer (ML) at Verloop.io (44 mos) | ML Engineer at TCS (38 mos),M.Tech in Machine Learning from Thapar University | B.E. in Computer Science from Delhi College of Engineering,"AWS Certified Machine Learning Specialty, Deep Learning Specialization",87.3,2026-02-18,2026-05-22,True,33,12,0.88,11.8,93,121,30,33.2,34.1,onsite,False,-1,553,26,0.97,0.67,True,False,False
CAND_0067535,66,0.5866,"Junior ML Engineer with 6.8 YOE based in Jaipur, Rajasthan, strong JD alignment via: BentoML, Excel, Reinforcement Learning.",Aarohi Mukherjee,Junior ML Engineer | Data Science & ML enthusiast,"Data scientist / ML engineer with 6.8 years of experience in applied machine learning. Worked across predictive modeling, NLP, analytics, and lightweight deployment workflows. I've spent the last couple of years building NLP-based classification and information extraction pipelines. I'm strongest at the modeling and analysis side; comfortable with Python, scikit-learn, pandas, and standard MLOps tooling, but I'm still building depth on the engineering and infra side of production ML. Looking for a role where I can step up to more end-to-end ownership of ML systems, not just modeling.","Jaipur, Rajasthan",India,6.8,Junior ML Engineer,Locobuzz,51-200,AI/ML,"Deep Learning (intermediate), BentoML (advanced), Flask (intermediate), Java (beginner), YOLO (advanced), Reinforcement Learning (advanced), LangChain (intermediate), Databricks (beginner), scikit-learn (intermediate), Prompt Engineering (intermediate), Speech Recognition (advanced), Excel (intermediate)",Junior ML Engineer at Locobuzz (26 mos) | Data Scientist at HCL (18 mos) | ML Engineer at Flipkart (37 mos),B.E. in Information Technology from KIIT University,,95.6,2024-02-22,2026-05-23,True,68,7,0.81,11.7,1129,74,45,28.3,46.3,flexible,False,25.2,629,27,0.87,-1,True,True,True
CAND_0013440,67,0.5859,"Senior Data Engineer with 7.2 YOE based in Noida, Uttar Pradesh (open to relocation), strong JD alignment via: Embeddings.",Avni Chopra,"Senior Data Engineer | SQL, Spark, Cloud","Software / data professional with 7.2 years of experience building data pipelines, backend systems, and analytics infrastructure. I've been the engineer who makes ML possible by getting the data pipelines right; now I want to do more of the ML itself. My toolkit is solid on the data engineering side — Python, SQL, Spark, Airflow, warehouse design — and I've completed a couple of self-directed ML projects (Kaggle competitions, side projects fine-tuning small models). Interested in transitioning toward more AI/ML-focused work, ideally at a company where I can leverage my existing data-infra skills while learning modern ML practice.","Noida, Uttar Pradesh",India,7.2,Senior Data Engineer,upGrad,1001-5000,EdTech,"SQL (beginner), Spark (intermediate), GANs (advanced), CSS (beginner), Embeddings (advanced), Redis (beginner), Haystack (advanced), ETL (intermediate), Diffusion Models (advanced), Time Series (advanced), LlamaIndex (advanced), TTS (intermediate), Object Detection (intermediate), Redux (intermediate), dbt (beginner), YOLO (intermediate), Statistical Modeling (intermediate), OpenSearch (intermediate)",Senior Data Engineer at upGrad (30 mos) | Software Engineer at Swiggy (24 mos) | Senior Data Engineer at Cognizant (16 mos) | Senior Data Engineer at TCS (15 mos),M.S. in Artificial Intelligence from SRM Chennai | Ph.D in Computer Engineering from NIT Warangal,Six Sigma Green Belt,85.0,2025-06-25,2026-02-10,True,92,6,0.68,135.6,744,54,30,28.2,41.7,onsite,True,55.7,67,3,0.97,-1,True,True,False
CAND_0083879,68,0.5853,"Machine Learning Engineer with 7.1 YOE based in Noida, Uttar Pradesh, strong JD alignment via: Hugging Face Transformers, Prompt Engineering, Fine-tuning LLMs.",Mira Reddy,"Machine Learning Engineer | Search, Ranking & Retrieval","Machine learning engineer with 7.1 years of experience building ML-powered features in production. Strong background in NLP, recommendation systems, and applied AI; comfortable across the ML stack from feature engineering through deployment. Recently, I built our semantic search infrastructure from scratch — sentence-transformers, FAISS, the works. I've spent enough time debugging production ranking issues to know which signals matter and which are noise. My academic background is in CS/ML but my main learning has come from shipping real systems and seeing what holds up under production load. Open to senior IC roles in applied ML or AI engineering, ideally at product companies where I'd own a meaningful piece of the ML stack.","Noida, Uttar Pradesh",India,7.1,Machine Learning Engineer,Ola,5001-10000,Transportation,"MLOps (intermediate), Fine-tuning LLMs (expert), Milvus (advanced), Image Classification (intermediate), Data Science (advanced), scikit-learn (expert), Hugging Face Transformers (expert), Prompt Engineering (expert), Machine Learning (expert), Sentence Transformers (expert)",Machine Learning Engineer at Ola (19 mos) | Search Engineer at PhonePe (46 mos) | Senior Data Scientist at Swiggy (19 mos),B.Sc in Information Technology from NIT Surathkal,AWS Certified Machine Learning Specialty,59.6,2025-06-08,2026-04-17,True,274,14,0.47,24.4,1486,140,30,44.7,62.0,hybrid,False,-1,574,64,0.83,0.85,True,True,True
CAND_0016163,69,0.5853,"Applied ML Engineer with 6.7 YOE based in Gurgaon, Haryana, strong JD alignment via: Embeddings.",Suresh Shah,Applied ML Engineer | Applied ML | Building intelligent products,"Machine learning engineer with 6.7 years of experience building ML-powered features in production. Strong background in NLP, recommendation systems, and applied AI; comfortable across the ML stack from feature engineering through deployment. Recently, I led the team that migrated our keyword-search-based product to embedding-based retrieval. I've spent enough time debugging production ranking issues to know which signals matter and which are noise. My academic background is in CS/ML but my main learning has come from shipping real systems and seeing what holds up under production load. Open to senior IC roles in applied ML or AI engineering, ideally at product companies where I'd own a meaningful piece of the ML stack.","Gurgaon, Haryana",India,6.7,Applied ML Engineer,Dream11,1001-5000,Gaming,"Hugging Face Transformers (advanced), Computer Vision (advanced), gRPC (intermediate), Time Series (advanced), Weaviate (expert), CNN (intermediate), Deep Learning (advanced), TensorFlow (expert), ASR (intermediate), Embeddings (advanced), Tailwind (intermediate), Reinforcement Learning (advanced), LoRA (advanced), pgvector (expert), Statistical Modeling (intermediate), Pinecone (advanced), Machine Learning (expert)",Applied ML Engineer at Dream11 (27 mos) | Applied ML Engineer at Verloop.io (40 mos) | NLP Engineer at Amazon (12 mos),M.E. in Machine Learning from Jadavpur University,,89.5,2024-05-02,2026-04-11,True,96,10,0.72,3.6,1110,11,120,33.0,44.8,remote,False,95.0,1020,13,0.62,0.85,True,True,True
CAND_0000422,70,0.5852,"AI Research Engineer with 6.3 YOE based in Kolkata, West Bengal, strong JD alignment via: Python, OpenCV, Reinforcement Learning.",Anil Shah,AI Research Engineer | Data Science & ML enthusiast,"Data scientist / ML engineer with 6.3 years of experience in applied machine learning. Worked across predictive modeling, NLP, analytics, and lightweight deployment workflows. My current role is split between dashboarding/analytics and shipping production ML models. I'm strongest at the modeling and analysis side; comfortable with Python, scikit-learn, pandas, and standard MLOps tooling, but I'm still building depth on the engineering and infra side of production ML. Looking for a role where I can step up to more end-to-end ownership of ML systems, not just modeling.","Kolkata, West Bengal",India,6.3,AI Research Engineer,Haptik,201-500,Conversational AI,"MLflow (intermediate), Python (advanced), Photoshop (beginner), Milvus (advanced), Java (beginner), OpenCV (advanced), Learning to Rank (intermediate), OpenSearch (intermediate), CNN (intermediate), YOLO (advanced), Reinforcement Learning (advanced)",AI Research Engineer at Haptik (32 mos) | Data Scientist at Saarthi.ai (24 mos) | Data Scientist at Rephrase.ai (19 mos),M.Tech in Computer Engineering from SRM Chennai,"NLP Specialization, Google Cloud Professional ML Engineer",83.3,2026-02-14,2026-03-24,True,199,13,0.79,83.0,230,115,90,33.3,35.0,onsite,False,-1,475,18,0.78,0.76,True,True,True
CAND_0018888,71,0.5844,"AI Research Engineer with 6.5 YOE based in Noida, Uttar Pradesh (open to relocation), strong JD alignment via: LLMs. Note: currently not marked open to work.",Shreya Trivedi,AI Research Engineer | Data Science & ML enthusiast,"Data scientist / ML engineer with 6.5 years of experience in applied machine learning. Worked across predictive modeling, NLP, analytics, and lightweight deployment workflows. I've been working on recommendation-style features but lighter on the deep-learning side — mostly classical methods like collaborative filtering and gradient-boosted models. I'm strongest at the modeling and analysis side; comfortable with Python, scikit-learn, pandas, and standard MLOps tooling, but I'm still building depth on the engineering and infra side of production ML. I want to grow into senior AI engineering — get serious about LLMs and retrieval beyond the surface level.","Noida, Uttar Pradesh",India,6.5,AI Research Engineer,Razorpay,1001-5000,Fintech,"Diffusion Models (advanced), GANs (advanced), MLflow (advanced), BentoML (intermediate), Reinforcement Learning (intermediate), Information Retrieval (advanced), Project Management (intermediate), pgvector (advanced), LLMs (advanced), FAISS (advanced), Kubeflow (advanced), TTS (advanced)",AI Research Engineer at Razorpay (34 mos) | Computer Vision Engineer at Vedantu (28 mos) | AI Specialist at Zomato (14 mos),M.Sc in Chemical Engineering from Generic State University | B.Tech in Chemical Engineering from Jadavpur University,,72.6,2025-03-04,2026-05-27,False,36,6,0.55,39.8,1116,93,30,37.1,30.2,onsite,True,51.4,658,22,0.97,0.39,True,True,True
CAND_0025640,72,0.584,"AI Research Engineer with 5.6 YOE based in Jaipur, Rajasthan, strong JD alignment via: Semantic Search, Elasticsearch, CNN.",Anjali Kapoor,AI Research Engineer | Data Science & ML enthusiast,"Data scientist / ML engineer with 5.6 years of experience in applied machine learning. Worked across predictive modeling, NLP, analytics, and lightweight deployment workflows. I've spent the last couple of years building NLP-based classification and information extraction pipelines. I'm strongest at the modeling and analysis side; comfortable with Python, scikit-learn, pandas, and standard MLOps tooling, but I'm still building depth on the engineering and infra side of production ML. Looking for a role where I can step up to more end-to-end ownership of ML systems, not just modeling.","Jaipur, Rajasthan",India,5.6,AI Research Engineer,HCL,10001+,IT Services,"Semantic Search (advanced), PEFT (intermediate), Information Retrieval (intermediate), Weights & Biases (intermediate), FAISS (advanced), Flask (intermediate), Next.js (beginner), PyTorch (intermediate), OpenSearch (intermediate), OpenCV (intermediate), Kubeflow (intermediate), Recommendation Systems (advanced), Elasticsearch (advanced), CNN (advanced)",AI Research Engineer at HCL (45 mos) | Data Scientist at Yellow.ai (21 mos),M.E. in Computer Engineering from NIT Trichy,,46.2,2025-11-01,2026-05-03,True,108,11,0.87,50.4,1157,79,30,31.8,29.2,flexible,False,-1,456,39,0.98,0.58,True,True,False
CAND_0033336,73,0.5837,"Java Developer with 7.7 YOE based in Noida, Uttar Pradesh, strong JD alignment via: CSS, Kafka, AWS.",Tanvi Rao,Java Developer | Cloud & DevOps,"Software engineer with 7.7 years of experience across web, backend, and cloud systems. Strong fundamentals in software development and system design. Most of my work is conventional backend engineering — APIs, databases, queues, deployments. I've been keeping up with AI/ML at a self-learner level — taken some online courses, played with the OpenAI and Anthropic APIs, built a small RAG side project — but I haven't done it in a professional capacity yet. Open to roles where I can either deepen my software engineering work or, if the team is open to it, start contributing to ML-adjacent systems.","Noida, Uttar Pradesh",India,7.7,Java Developer,Wayne Enterprises,10001+,Conglomerate,"Photoshop (beginner), AWS (beginner), NLP (intermediate), PEFT (intermediate), Redux (beginner), Rust (intermediate), CSS (intermediate), Kafka (beginner)",Java Developer at Wayne Enterprises (45 mos) | .NET Developer at Swiggy (38 mos) | Cloud Engineer at HCL (8 mos),M.Tech in Electrical Engineering from RV College of Engineering,"AWS Certified Cloud Practitioner, Six Sigma Green Belt",49.9,2025-05-23,2025-12-21,True,12,11,0.61,38.9,303,62,30,15.3,12.0,remote,False,41.8,81,14,0.86,0.52,True,True,True
CAND_0065195,74,0.5833,"Search Engineer with 5.1 YOE based in Kolkata, West Bengal, strong JD alignment via: LLMs.",Kiara Mukherjee,"Search Engineer | Search, Ranking & Retrieval","Machine learning engineer with 5.1 years of experience building ML-powered features in production. Strong background in NLP, recommendation systems, and applied AI; comfortable across the ML stack from feature engineering through deployment. Recently, I led the team that migrated our keyword-search-based product to embedding-based retrieval. I care a lot about evaluation rigor — too many teams ship models without offline benchmarks they trust. My academic background is in CS/ML but my main learning has come from shipping real systems and seeing what holds up under production load. Open to senior IC roles in applied ML or AI engineering, ideally at product companies where I'd own a meaningful piece of the ML stack.","Kolkata, West Bengal",India,5.1,Search Engineer,CRED,1001-5000,Fintech,"LLMs (expert), BentoML (intermediate), QLoRA (expert), scikit-learn (expert), Diffusion Models (advanced), Elasticsearch (expert), Hugging Face Transformers (advanced), Qdrant (expert), Django (intermediate), MLOps (advanced), pgvector (expert), Learning to Rank (advanced), LlamaIndex (expert)",Search Engineer at CRED (48 mos) | Senior Data Scientist at Google (13 mos),M.Sc in Artificial Intelligence from IIT Bombay,,56.4,2025-07-02,2026-05-24,True,168,2,0.8,22.7,156,47,45,42.4,62.4,flexible,False,87.3,1027,13,0.91,0.43,True,True,True
CAND_0053591,75,0.583,"AI Engineer with 5.3 YOE based in Toronto, strong JD alignment via: Embeddings.",Anjali Bhatia,AI Engineer | Applied ML | Building intelligent products,"Machine learning engineer with 5.3 years of experience building ML-powered features in production. Strong background in NLP, recommendation systems, and applied AI; comfortable across the ML stack from feature engineering through deployment. Recently, I built our semantic search infrastructure from scratch — sentence-transformers, FAISS, the works. Along the way I've gotten comfortable with the operational side — A/B testing, drift monitoring, retraining schedules. My academic background is in CS/ML but my main learning has come from shipping real systems and seeing what holds up under production load. Open to senior IC roles in applied ML or AI engineering, ideally at product companies where I'd own a meaningful piece of the ML stack.",Toronto,Canada,5.3,AI Engineer,Ola,5001-10000,Transportation,"LangChain (advanced), Reinforcement Learning (advanced), Embeddings (advanced), Milvus (advanced), OpenSearch (expert), Redux (intermediate), Object Detection (intermediate), Sentence Transformers (expert), Data Pipelines (beginner), Qdrant (expert), Statistical Modeling (advanced), BM25 (advanced), Six Sigma (intermediate), RAG (advanced)",AI Engineer at Ola (38 mos) | AI Engineer at Swiggy (25 mos),M.Tech in Information Technology from Anna University,"Google Cloud Professional ML Engineer, AWS Certified Machine Learning Specialty",71.5,2026-03-05,2026-05-17,True,59,6,0.81,72.8,1465,172,60,37.0,63.0,onsite,False,75.8,605,40,0.97,0.62,True,True,False
CAND_0015097,76,0.5829,"Senior Software Engineer (ML) with 6.0 YOE based in Coimbatore, Tamil Nadu, strong JD alignment via: Speech Recognition, NLP, Python.",Om Trivedi,Senior Software Engineer (ML) | 6.0 yrs in analytics & ML,"Data scientist / ML engineer with 6.0 years of experience in applied machine learning. Worked across predictive modeling, NLP, analytics, and lightweight deployment workflows. I've spent the last couple of years building NLP-based classification and information extraction pipelines. I'm strongest at the modeling and analysis side; comfortable with Python, scikit-learn, pandas, and standard MLOps tooling, but I'm still building depth on the engineering and infra side of production ML. I want to grow into senior AI engineering — get serious about LLMs and retrieval beyond the surface level.","Coimbatore, Tamil Nadu",India,6.0,Senior Software Engineer (ML),Zoho,10001+,SaaS,"Speech Recognition (advanced), OpenCV (advanced), Object Detection (intermediate), BigQuery (intermediate), Python (advanced), Statistical Modeling (intermediate), PEFT (intermediate), NLP (advanced), YOLO (intermediate), LangChain (advanced), BentoML (advanced), Data Science (intermediate)",Senior Software Engineer (ML) at Zoho (50 mos) | AI Research Engineer at Krutrim (21 mos),M.E. in Chemical Engineering from PES University,"LangChain for LLM Application Development, NLP Specialization",61.1,2024-05-07,2026-05-05,True,74,15,0.69,54.4,355,52,30,31.5,53.2,remote,False,21.2,230,44,0.84,-1,True,True,True
CAND_0088441,77,0.5822,"AI Specialist with 6.5 YOE based in Coimbatore, Tamil Nadu (open to relocation), strong JD alignment via: scikit-learn, OpenCV, Qdrant.",Divya Gupta,AI Specialist | 6.5 yrs in analytics & ML,"Data scientist / ML engineer with 6.5 years of experience in applied machine learning. Worked across predictive modeling, NLP, analytics, and lightweight deployment workflows. I've spent the last couple of years building NLP-based classification and information extraction pipelines. I'm strongest at the modeling and analysis side; comfortable with Python, scikit-learn, pandas, and standard MLOps tooling, but I'm still building depth on the engineering and infra side of production ML. Looking for a role where I can step up to more end-to-end ownership of ML systems, not just modeling.","Coimbatore, Tamil Nadu",India,6.5,AI Specialist,Sarvam AI,51-200,AI/ML,"Machine Learning (intermediate), Qdrant (advanced), Agile (beginner), Weights & Biases (intermediate), Information Retrieval (advanced), YOLO (intermediate), Milvus (advanced), scikit-learn (advanced), OpenCV (advanced), MLOps (advanced)",AI Specialist at Sarvam AI (43 mos) | ML Engineer at Swiggy (21 mos) | Senior Software Engineer (ML) at Freshworks (13 mos),M.Sc in Computer Science from COEP Pune,,56.4,2025-03-27,2026-05-14,True,120,5,0.38,34.7,803,15,90,36.4,28.3,flexible,True,67.9,629,11,0.89,0.35,True,True,False
CAND_0006567,78,0.582,"Senior AI Engineer with 7.9 YOE based in Noida, Uttar Pradesh (open to relocation), strong JD alignment via: NLP, Content Matching, Ranking Systems.",Aditya Subramanian,Senior Engineer | Information Retrieval at scale,"Senior engineer who has spent the last several years building systems that connect users with relevant information at scale. Comfortable across the full stack from infrastructure to algorithms to product experience, though most of my time has been in the middle layer — the ranking and retrieval systems that decide what to show. Strong preference for shipping real systems over research-only work; I'd rather have a working v1 in 6 weeks than a perfect v2 in 6 months. I've made the standard mistakes — over-engineering early, optimizing offline metrics that didn't move online numbers, building beautiful infrastructure for features that users didn't actually want — so I notice them faster now. Looking for senior IC or tech-lead roles where I can own the intelligence layer end-to-end at a product company.","Noida, Uttar Pradesh",India,7.9,Senior AI Engineer,Meta,10001+,Internet,"Speech Recognition (intermediate), scikit-learn (expert), Search Backend (advanced), Model Adaptation (expert), Vector Representations (advanced), BM25 (expert), Workflow Orchestration (expert), GANs (intermediate), NLP (advanced), Kubernetes (beginner), Python (expert), Ranking Systems (advanced), Text Encoders (advanced), Data Science (intermediate), Feature Engineering (advanced), Search & Discovery (advanced), Prompt Engineering (expert), Haystack (expert), Content Matching (expert), Recommendation Systems (advanced)",Senior AI Engineer at Meta (26 mos) | Senior Applied Scientist at Razorpay (49 mos) | Senior ML Engineer — Search & Ranking at Glance (19 mos),B.Sc in Machine Learning from IIT Bombay,AWS Certified Machine Learning Specialty,58.6,2025-08-02,2026-05-03,True,167,0,0.79,25.5,262,194,60,44.2,53.9,onsite,True,35.2,1049,76,0.93,0.79,True,True,True
CAND_0028422,79,0.5819,"Junior ML Engineer with 5.5 YOE based in Chennai, Tamil Nadu, strong JD alignment via: YOLO, Learning to Rank, Pinecone.",Rahul Sharma,Junior ML Engineer | 5.5 yrs in analytics & ML,"Data scientist / ML engineer with 5.5 years of experience in applied machine learning. Worked across predictive modeling, NLP, analytics, and lightweight deployment workflows. Most of my recent work has been on predictive modeling for customer-facing problems — churn, conversion, lifetime value. I'm strongest at the modeling and analysis side; comfortable with Python, scikit-learn, pandas, and standard MLOps tooling, but I'm still building depth on the engineering and infra side of production ML. I want to grow into senior AI engineering — get serious about LLMs and retrieval beyond the surface level.","Chennai, Tamil Nadu",India,5.5,Junior ML Engineer,Yellow.ai,201-500,AI/ML,"Pinecone (advanced), Deep Learning (intermediate), pgvector (intermediate), OpenSearch (intermediate), MLflow (advanced), Vector Search (intermediate), Prompt Engineering (advanced), Kubeflow (intermediate), YOLO (advanced), Learning to Rank (advanced), JavaScript (beginner), Data Science (intermediate), Computer Vision (advanced), Weights & Biases (intermediate), BentoML (intermediate), ETL (beginner), CNN (intermediate), Webpack (beginner), GCP (beginner)",Junior ML Engineer at Yellow.ai (25 mos) | Computer Vision Engineer at Ola (16 mos) | Junior ML Engineer at Freshworks (24 mos),B.Tech in Electrical Engineering from KIIT University,"NLP Specialization, Deep Learning Specialization",73.0,2025-10-06,2026-05-15,True,162,15,0.76,41.5,783,57,90,28.6,50.3,remote,False,71.5,197,14,0.97,0.83,True,True,False
CAND_0046313,80,0.5816,"Senior Software Engineer (ML) with 5.8 YOE based in San Francisco (open to relocation), strong JD alignment via: ASR, OpenCV, Fine-tuning LLMs.",Neha Subramanian,Senior Software Engineer (ML) | Building ML-powered solutions,"Data scientist / ML engineer with 5.8 years of experience in applied machine learning. Worked across predictive modeling, NLP, analytics, and lightweight deployment workflows. I've spent the last couple of years building NLP-based classification and information extraction pipelines. I'm strongest at the modeling and analysis side; comfortable with Python, scikit-learn, pandas, and standard MLOps tooling, but I'm still building depth on the engineering and infra side of production ML. I want to grow into senior AI engineering — get serious about LLMs and retrieval beyond the surface level.",San Francisco,USA,5.8,Senior Software Engineer (ML),Flipkart,10001+,E-commerce,"YOLO (intermediate), Fine-tuning LLMs (advanced), CNN (advanced), LangChain (advanced), pgvector (advanced), OpenSearch (intermediate), Weights & Biases (intermediate), Django (beginner), TypeScript (beginner), Speech Recognition (intermediate), ASR (advanced), OpenCV (advanced), BM25 (intermediate), Kubeflow (intermediate), Scrum (beginner)",Senior Software Engineer (ML) at Flipkart (45 mos) | AI Specialist at Ola (24 mos),M.Sc in Machine Learning from KIIT University,Deep Learning Specialization,91.8,2025-08-17,2026-03-06,True,87,5,0.45,92.0,527,115,60,25.8,35.4,flexible,True,36.3,599,23,0.82,0.45,True,True,True
CAND_0041083,81,0.581,"Computer Vision Engineer with 6.2 YOE based in Noida, Uttar Pradesh, strong JD alignment via: Forecasting, Image Classification, Weaviate.",Pranav Bose,Computer Vision Engineer | 6.2 yrs in analytics & ML,"Data scientist / ML engineer with 6.2 years of experience in applied machine learning. Worked across predictive modeling, NLP, analytics, and lightweight deployment workflows. My current role is split between dashboarding/analytics and shipping production ML models. I'm strongest at the modeling and analysis side; comfortable with Python, scikit-learn, pandas, and standard MLOps tooling, but I'm still building depth on the engineering and infra side of production ML. I want to grow into senior AI engineering — get serious about LLMs and retrieval beyond the surface level.","Noida, Uttar Pradesh",India,6.2,Computer Vision Engineer,Unacademy,5001-10000,EdTech,"Node.js (beginner), Kubeflow (intermediate), MLflow (advanced), Image Classification (advanced), TensorFlow (advanced), Illustrator (intermediate), Object Detection (intermediate), Forecasting (advanced), PEFT (intermediate), Marketing (beginner), Weights & Biases (intermediate), Weaviate (advanced), Recommendation Systems (intermediate), SQL (beginner)",Computer Vision Engineer at Unacademy (40 mos) | Data Scientist at Meesho (33 mos),M.Tech in Information Technology from KIIT University,NLP Specialization,67.1,2025-07-01,2026-02-19,True,57,3,0.42,75.6,96,73,90,26.8,40.4,flexible,False,76.6,43,32,0.89,-1,True,True,True
CAND_0074867,82,0.5809,"Senior Software Engineer with 7.7 YOE based in Vizag, Andhra Pradesh, strong JD alignment via: Weights & Biases, YOLO, Tally.",Vihaan Saxena,"Senior Software Engineer | SQL, Spark, Cloud","Software / data professional with 7.7 years of experience building data pipelines, backend systems, and analytics infrastructure. I've been the engineer who makes ML possible by getting the data pipelines right; now I want to do more of the ML itself. My toolkit is solid on the data engineering side — Python, SQL, Spark, Airflow, warehouse design — and I've completed a couple of self-directed ML projects (Kaggle competitions, side projects fine-tuning small models). Interested in transitioning toward more AI/ML-focused work, ideally at a company where I can leverage my existing data-infra skills while learning modern ML practice.","Vizag, Andhra Pradesh",India,7.7,Senior Software Engineer,Stark Industries,1001-5000,Manufacturing,"gRPC (beginner), YOLO (advanced), GraphQL (intermediate), Tally (intermediate), LangChain (advanced), Project Management (intermediate), BigQuery (beginner), Data Pipelines (beginner), Weights & Biases (advanced), Forecasting (intermediate), Photoshop (intermediate), MongoDB (beginner)",Senior Software Engineer at Stark Industries (40 mos) | Senior Software Engineer at Hooli (51 mos),B.Sc in Machine Learning from Amity University | B.Tech in Civil Engineering from Christ University,AWS Certified Cloud Practitioner,53.9,2025-05-26,2026-02-05,True,158,0,0.33,16.0,69,98,60,16.6,33.0,onsite,False,37.5,275,27,0.72,0.55,True,True,True
CAND_0026006,83,0.5808,"Data Analyst with 6.2 YOE based in Jaipur, Rajasthan, strong JD alignment via: BentoML, Go, Time Series.",Saanvi Shetty,"Data Analyst | SQL, Spark, Cloud","Software / data professional with 6.2 years of experience building data pipelines, backend systems, and analytics infrastructure. I've been the engineer who makes ML possible by getting the data pipelines right; now I want to do more of the ML itself. My toolkit is solid on the data engineering side — Python, SQL, Spark, Airflow, warehouse design — and I've completed a couple of self-directed ML projects (Kaggle competitions, side projects fine-tuning small models). Interested in transitioning toward more AI/ML-focused work, ideally at a company where I can leverage my existing data-infra skills while learning modern ML practice.","Jaipur, Rajasthan",India,6.2,Data Analyst,Razorpay,1001-5000,Fintech,"MLflow (intermediate), Go (beginner), Databricks (beginner), BentoML (advanced), Semantic Search (intermediate), Time Series (intermediate), CI/CD (intermediate)",Data Analyst at Razorpay (33 mos) | Senior Data Engineer at Paytm (18 mos) | Data Analyst at Paytm (13 mos) | Data Engineer at Zoho (9 mos),B.Tech in Information Technology from Amity University,,83.1,2024-03-11,2026-02-09,True,52,8,0.21,9.6,212,46,30,17.7,35.5,hybrid,False,74.8,281,14,0.73,0.35,True,True,True
CAND_0060538,84,0.5807,"ML Engineer with 5.2 YOE based in Pune, Maharashtra, strong JD alignment via: Embeddings.",Om Hegde,ML Engineer | 5.2 yrs in analytics & ML,"Data scientist / ML engineer with 5.2 years of experience in applied machine learning. Worked across predictive modeling, NLP, analytics, and lightweight deployment workflows. I've spent the last couple of years building NLP-based classification and information extraction pipelines. I'm strongest at the modeling and analysis side; comfortable with Python, scikit-learn, pandas, and standard MLOps tooling, but I'm still building depth on the engineering and infra side of production ML. I want to grow into senior AI engineering — get serious about LLMs and retrieval beyond the surface level.","Pune, Maharashtra",India,5.2,ML Engineer,Verloop.io,51-200,Conversational AI,"pgvector (advanced), GCP (beginner), TTS (intermediate), OpenSearch (advanced), Six Sigma (intermediate), Apache Flink (intermediate), Machine Learning (advanced), scikit-learn (intermediate), GANs (intermediate), ASR (advanced), Embeddings (advanced), LangChain (advanced), Diffusion Models (intermediate), Image Classification (advanced), Forecasting (intermediate), Reinforcement Learning (intermediate), Rust (beginner), Milvus (advanced), Object Detection (intermediate)",ML Engineer at Verloop.io (28 mos) | AI Research Engineer at TCS (33 mos),M.Sc in Mechanical Engineering from Thapar University,,66.5,2024-12-15,2026-03-17,True,175,0,0.59,16.9,183,63,90,33.5,47.4,remote,False,19.9,524,12,0.74,0.67,True,True,True
CAND_0040443,85,0.5805,"Analytics Engineer with 7.2 YOE based in Seattle (open to relocation), strong JD alignment via: Image Classification, Forecasting, Data Science.",Ela Shetty,Analytics Engineer | 7.2+ yrs in data engineering,"Software / data professional with 7.2 years of experience building data pipelines, backend systems, and analytics infrastructure. I'm a backend/data hybrid — Spark, Airflow, SQL warehouses are home territory; I'm building competence on the ML side. My toolkit is solid on the data engineering side — Python, SQL, Spark, Airflow, warehouse design — and I've completed a couple of self-directed ML projects (Kaggle competitions, side projects fine-tuning small models). Interested in transitioning toward more AI/ML-focused work, ideally at a company where I can leverage my existing data-infra skills while learning modern ML practice.",Seattle,USA,7.2,Analytics Engineer,upGrad,1001-5000,EdTech,"Rust (beginner), Salesforce CRM (intermediate), Weights & Biases (advanced), Scrum (intermediate), Data Science (advanced), Vector Search (advanced), MLflow (advanced), Deep Learning (intermediate), Time Series (intermediate), Tally (intermediate), Forecasting (advanced), Node.js (beginner), Qdrant (advanced), Image Classification (advanced), GANs (intermediate)",Analytics Engineer at upGrad (51 mos) | Data Engineer at Cognizant (34 mos),M.E. in Computer Science from IIT Guwahati,,85.6,2024-07-04,2026-01-30,True,139,0,0.48,68.6,63,83,30,27.2,22.6,remote,True,60.5,243,28,0.75,0.84,True,True,False
CAND_0092255,86,0.5805,"ML Engineer with 5.2 YOE based in Noida, Uttar Pradesh, strong JD alignment via: Machine Learning, Vector Search, RAG.",Jay Chatterjee,ML Engineer | Data Science & ML enthusiast,"Data scientist / ML engineer with 5.2 years of experience in applied machine learning. Worked across predictive modeling, NLP, analytics, and lightweight deployment workflows. I've spent the last couple of years building NLP-based classification and information extraction pipelines. I'm strongest at the modeling and analysis side; comfortable with Python, scikit-learn, pandas, and standard MLOps tooling, but I'm still building depth on the engineering and infra side of production ML. I'm looking to grow into a deeper AI/ML system-building role — closer to retrieval, LLMs, and modern ranking systems.","Noida, Uttar Pradesh",India,5.2,ML Engineer,InMobi,1001-5000,AdTech,"Machine Learning (advanced), PyTorch (advanced), Statistical Modeling (intermediate), Figma (beginner), Weaviate (advanced), Semantic Search (intermediate), CNN (intermediate), Data Science (intermediate), OpenSearch (advanced), RAG (advanced), Content Writing (intermediate), Learning to Rank (advanced), Vector Search (advanced), Time Series (intermediate), MLOps (advanced), Webpack (beginner)",ML Engineer at InMobi (13 mos) | Junior ML Engineer at upGrad (20 mos) | Data Scientist at Saarthi.ai (15 mos) | Junior ML Engineer at HCL (13 mos),B.E. in Artificial Intelligence from BITS Pilani,Google Cloud Professional ML Engineer,72.3,2026-03-04,2026-05-07,True,66,14,0.38,116.8,1053,125,60,27.4,47.2,flexible,False,77.9,179,11,0.73,0.66,True,True,True
CAND_0047276,87,0.5805,"Backend Engineer with 5.5 YOE based in Coimbatore, Tamil Nadu, strong JD alignment via: Statistical Modeling, Fine-tuning LLMs, LoRA.",Zara Rao,Backend Engineer | 5.5+ yrs in data engineering,"Software / data professional with 5.5 years of experience building data pipelines, backend systems, and analytics infrastructure. I've been the engineer who makes ML possible by getting the data pipelines right; now I want to do more of the ML itself. My toolkit is solid on the data engineering side — Python, SQL, Spark, Airflow, warehouse design — and I've completed a couple of self-directed ML projects (Kaggle competitions, side projects fine-tuning small models). Interested in transitioning toward more AI/ML-focused work, ideally at a company where I can leverage my existing data-infra skills while learning modern ML practice.","Coimbatore, Tamil Nadu",India,5.5,Backend Engineer,Freshworks,5001-10000,SaaS,"Qdrant (intermediate), Kubeflow (advanced), Redis (intermediate), Fine-tuning LLMs (advanced), Forecasting (advanced), pgvector (advanced), Sales (beginner), Go (intermediate), LoRA (advanced), Diffusion Models (advanced), Kafka (beginner), Statistical Modeling (advanced), Kubernetes (beginner)",Backend Engineer at Freshworks (52 mos) | Software Engineer at Freshworks (13 mos),M.E. in Statistics from Amity University,,73.6,2024-01-26,2026-03-22,True,88,8,0.32,4.9,700,81,30,21.7,39.9,onsite,False,74.0,365,21,0.69,0.54,True,True,True
CAND_0090155,88,0.5801,"ML Engineer with 5.8 YOE based in Pune, Maharashtra, strong JD alignment via: CNN, Pinecone, GANs.",Sai Chowdary,ML Engineer | 5.8 yrs in analytics & ML,"Data scientist / ML engineer with 5.8 years of experience in applied machine learning. Worked across predictive modeling, NLP, analytics, and lightweight deployment workflows. I've been working on recommendation-style features but lighter on the deep-learning side — mostly classical methods like collaborative filtering and gradient-boosted models. I'm strongest at the modeling and analysis side; comfortable with Python, scikit-learn, pandas, and standard MLOps tooling, but I'm still building depth on the engineering and infra side of production ML. I'm looking to grow into a deeper AI/ML system-building role — closer to retrieval, LLMs, and modern ranking systems.","Pune, Maharashtra",India,5.8,ML Engineer,Swiggy,5001-10000,Food Delivery,"OpenCV (advanced), Weights & Biases (intermediate), GANs (advanced), Milvus (intermediate), CNN (advanced), Redux (intermediate), Statistical Modeling (intermediate), Qdrant (intermediate), Pinecone (advanced), PEFT (intermediate), Diffusion Models (intermediate), QLoRA (intermediate), Feature Engineering (intermediate)",ML Engineer at Swiggy (18 mos) | AI Specialist at InMobi (24 mos) | AI Research Engineer at upGrad (27 mos),M.E. in Information Technology from Anna University,,58.3,2025-09-04,2026-05-13,True,201,12,0.64,18.5,69,80,90,24.7,35.3,onsite,False,75.9,751,27,0.88,-1,True,True,True
CAND_0006332,89,0.5796,"Senior Software Engineer with 6.4 YOE based in Berlin, strong JD alignment via: pgvector, Data Pipelines, Azure.",Ananya Verma,Senior Software Engineer | 6.4+ yrs in data engineering,"Software / data professional with 6.4 years of experience building data pipelines, backend systems, and analytics infrastructure. I've been the engineer who makes ML possible by getting the data pipelines right; now I want to do more of the ML itself. My toolkit is solid on the data engineering side — Python, SQL, Spark, Airflow, warehouse design — and I've completed a couple of self-directed ML projects (Kaggle competitions, side projects fine-tuning small models). Interested in transitioning toward more AI/ML-focused work, ideally at a company where I can leverage my existing data-infra skills while learning modern ML practice.",Berlin,Germany,6.4,Senior Software Engineer,Meesho,1001-5000,E-commerce,"Scrum (intermediate), pgvector (advanced), Reinforcement Learning (intermediate), FastAPI (intermediate), Go (intermediate), Forecasting (advanced), Data Pipelines (intermediate), Hadoop (intermediate), Azure (intermediate), HTML (intermediate), dbt (intermediate), TTS (intermediate)",Senior Software Engineer at Meesho (27 mos) | Data Analyst at Razorpay (16 mos) | Senior Data Engineer at PhonePe (32 mos),B.Sc in Artificial Intelligence from Manipal Institute of Technology | M.Sc in Data Science from Amity University,,43.8,2025-02-01,2026-04-24,True,97,12,0.39,69.6,702,45,60,22.0,47.5,flexible,False,39.2,155,7,0.86,0.47,True,True,True
CAND_0022056,90,0.5793,"Data Analyst with 6.6 YOE based in Pune, Maharashtra, strong JD alignment via: ASR, Image Classification, GANs.",Zara Shetty,Data Analyst | 6.6+ yrs in data engineering,"Software / data professional with 6.6 years of experience building data pipelines, backend systems, and analytics infrastructure. I'm a backend/data hybrid — Spark, Airflow, SQL warehouses are home territory; I'm building competence on the ML side. My toolkit is solid on the data engineering side — Python, SQL, Spark, Airflow, warehouse design — and I've completed a couple of self-directed ML projects (Kaggle competitions, side projects fine-tuning small models). Interested in transitioning toward more AI/ML-focused work, ideally at a company where I can leverage my existing data-infra skills while learning modern ML practice.","Pune, Maharashtra",India,6.6,Data Analyst,upGrad,1001-5000,EdTech,"Sentence Transformers (intermediate), ASR (advanced), CNN (advanced), Scrum (beginner), Apache Beam (intermediate), GANs (advanced), Photoshop (intermediate), TTS (advanced), Redis (beginner), Image Classification (advanced), Time Series (advanced), Computer Vision (intermediate), BigQuery (beginner), GCP (intermediate)",Data Analyst at upGrad (30 mos) | Software Engineer at Zoho (33 mos) | Senior Data Engineer at InMobi (15 mos),B.E. in Computer Engineering from UC Berkeley | B.Tech in Computer Science from SRM Chennai,"AWS Certified Cloud Practitioner, Scrum Master Certified",62.6,2024-12-30,2026-01-19,True,132,2,0.52,40.8,413,54,30,22.5,30.2,onsite,False,-1,83,2,0.6,0.75,True,True,False
CAND_0069476,91,0.5792,"Full Stack Developer with 6.9 YOE based in Mumbai, Maharashtra (open to relocation), strong JD alignment via: LLMs.",Sai Bhatia,Full Stack Developer | Backend systems & APIs,"Software engineer with 6.9 years of experience across web, backend, and cloud systems. Strong fundamentals in software development and system design. Most of my work is conventional backend engineering — APIs, databases, queues, deployments. I've been keeping up with AI/ML at a self-learner level — taken some online courses, played with the OpenAI and Anthropic APIs, built a small RAG side project — but I haven't done it in a professional capacity yet. Open to roles where I can either deepen my software engineering work or, if the team is open to it, start contributing to ML-adjacent systems.","Mumbai, Maharashtra",India,6.9,Full Stack Developer,Swiggy,5001-10000,Food Delivery,"BigQuery (intermediate), Databricks (beginner), Docker (beginner), Rust (beginner), GraphQL (intermediate), Redis (beginner), LLMs (advanced), OpenSearch (advanced), Content Writing (intermediate), Agile (intermediate), Speech Recognition (advanced), Kafka (beginner), Next.js (beginner)",Full Stack Developer at Swiggy (20 mos) | DevOps Engineer at Globex Inc (40 mos) | Software Engineer at CRED (13 mos) | DevOps Engineer at HCL (8 mos),M.Sc in Commerce from Regional Technical Institute,,70.1,2025-10-23,2026-02-06,True,9,0,0.37,138.8,584,16,30,13.6,33.1,onsite,True,57.6,209,2,0.77,0.31,True,True,True
CAND_0093912,92,0.5792,"Senior Data Scientist with 5.3 YOE based in Chandigarh, Chandigarh, strong JD alignment via: Embeddings.",Advik Sethi,"Senior Data Scientist | Search, Ranking & Retrieval","Machine learning engineer with 5.3 years of experience building ML-powered features in production. Strong background in NLP, recommendation systems, and applied AI; comfortable across the ML stack from feature engineering through deployment. Recently, I shipped our first RAG-based feature this year and now own the eval framework for it. I care a lot about evaluation rigor — too many teams ship models without offline benchmarks they trust. My academic background is in CS/ML but my main learning has come from shipping real systems and seeing what holds up under production load. Open to senior IC roles in applied ML or AI engineering, ideally at product companies where I'd own a meaningful piece of the ML stack.","Chandigarh, Chandigarh",India,5.3,Senior Data Scientist,Razorpay,1001-5000,Fintech,"Feature Engineering (intermediate), SAP (beginner), CNN (intermediate), Milvus (expert), Embeddings (expert), Recommendation Systems (advanced), Vector Search (expert), Haystack (expert), Sales (intermediate), Learning to Rank (advanced), Elasticsearch (expert), FastAPI (intermediate), Forecasting (advanced)",Senior Data Scientist at Razorpay (27 mos) | Search Engineer at Flipkart (19 mos) | AI Engineer at Apple (16 mos),B.Sc in Computer Science from RV College of Engineering,,87.8,2026-02-03,2026-05-11,True,292,0,0.66,39.7,581,52,30,31.4,44.3,hybrid,False,81.5,773,56,0.96,-1,True,True,True
CAND_0051466,93,0.579,"AI Research Engineer with 5.3 YOE based in Trivandrum, Kerala, strong JD alignment via: BM25, Kubeflow, PyTorch.",Krishna Gupta,AI Research Engineer | Building ML-powered solutions,"Data scientist / ML engineer with 5.3 years of experience in applied machine learning. Worked across predictive modeling, NLP, analytics, and lightweight deployment workflows. My current role is split between dashboarding/analytics and shipping production ML models. I'm strongest at the modeling and analysis side; comfortable with Python, scikit-learn, pandas, and standard MLOps tooling, but I'm still building depth on the engineering and infra side of production ML. Looking for a role where I can step up to more end-to-end ownership of ML systems, not just modeling.","Trivandrum, Kerala",India,5.3,AI Research Engineer,Niramai,51-200,HealthTech AI,"LangChain (intermediate), Project Management (beginner), Forecasting (intermediate), Statistical Modeling (intermediate), Kubeflow (advanced), Information Retrieval (advanced), Milvus (intermediate), PyTorch (advanced), Speech Recognition (advanced), Hugging Face Transformers (advanced), Apache Beam (beginner), Data Pipelines (beginner), Weaviate (intermediate), BM25 (advanced), Apache Flink (beginner)",AI Research Engineer at Niramai (13 mos) | Junior ML Engineer at Saarthi.ai (22 mos) | ML Engineer at Aganitha (27 mos),M.Sc in Computer Science from IIT Bombay,,74.0,2024-11-19,2026-04-13,True,107,11,0.65,90.2,300,108,60,17.4,44.8,onsite,False,39.7,47,23,0.64,0.59,True,True,True
CAND_0070525,94,0.5789,"Senior Software Engineer (ML) with 5.4 YOE based in Hyderabad, Telangana, strong JD alignment via: Embeddings, LLMs.",Ved Kumar,Senior Software Engineer (ML) | Building ML-powered solutions,"Data scientist / ML engineer with 5.4 years of experience in applied machine learning. Worked across predictive modeling, NLP, analytics, and lightweight deployment workflows. I've been working on recommendation-style features but lighter on the deep-learning side — mostly classical methods like collaborative filtering and gradient-boosted models. I'm strongest at the modeling and analysis side; comfortable with Python, scikit-learn, pandas, and standard MLOps tooling, but I'm still building depth on the engineering and infra side of production ML. I want to grow into senior AI engineering — get serious about LLMs and retrieval beyond the surface level.","Hyderabad, Telangana",India,5.4,Senior Software Engineer (ML),Mad Street Den,201-500,AI/ML,"Apache Beam (beginner), Recommendation Systems (advanced), Feature Engineering (intermediate), Python (advanced), GANs (intermediate), Statistical Modeling (advanced), Azure (beginner), YOLO (intermediate), Prompt Engineering (intermediate), LLMs (advanced), Computer Vision (intermediate), Embeddings (intermediate)",Senior Software Engineer (ML) at Mad Street Den (34 mos) | Senior Software Engineer (ML) at Wysa (30 mos),M.Sc in Information Technology from VIT Vellore,,95.6,2025-12-29,2026-05-25,True,97,16,0.93,5.6,897,45,45,29.3,44.1,hybrid,False,18.4,237,32,0.89,0.38,True,True,True
CAND_0064256,95,0.5783,"Junior ML Engineer with 6.4 YOE based in Kolkata, West Bengal, strong JD alignment via: Embeddings.",Meera Gupta,Junior ML Engineer | 6.4 yrs in analytics & ML,"Data scientist / ML engineer with 6.4 years of experience in applied machine learning. Worked across predictive modeling, NLP, analytics, and lightweight deployment workflows. Most of my recent work has been on predictive modeling for customer-facing problems — churn, conversion, lifetime value. I'm strongest at the modeling and analysis side; comfortable with Python, scikit-learn, pandas, and standard MLOps tooling, but I'm still building depth on the engineering and infra side of production ML. I'm looking to grow into a deeper AI/ML system-building role — closer to retrieval, LLMs, and modern ranking systems.","Kolkata, West Bengal",India,6.4,Junior ML Engineer,BYJU'S,10001+,EdTech,"Microservices (beginner), PyTorch (intermediate), MLOps (intermediate), Python (advanced), CNN (intermediate), Diffusion Models (advanced), Statistical Modeling (intermediate), Object Detection (advanced), Embeddings (intermediate), OpenCV (intermediate), Hugging Face Transformers (advanced), BentoML (advanced), REST APIs (beginner), Feature Engineering (intermediate)",Junior ML Engineer at BYJU'S (43 mos) | AI Research Engineer at Aganitha (33 mos),M.S. in Mechanical Engineering from Bharati Vidyapeeth | M.E. in Chemical Engineering from Symbiosis International,,99.0,2025-12-23,2026-05-22,True,17,6,0.86,3.7,1065,111,30,33.1,40.2,flexible,False,-1,559,18,0.67,-1,True,True,True
CAND_0043304,96,0.5779,"Junior ML Engineer with 6.5 YOE based in Trivandrum, Kerala (open to relocation), strong JD alignment via: Reinforcement Learning, BM25, Machine Learning.",Aarohi Goyal,Junior ML Engineer | 6.5 yrs in analytics & ML,"Data scientist / ML engineer with 6.5 years of experience in applied machine learning. Worked across predictive modeling, NLP, analytics, and lightweight deployment workflows. I've spent the last couple of years building NLP-based classification and information extraction pipelines. I'm strongest at the modeling and analysis side; comfortable with Python, scikit-learn, pandas, and standard MLOps tooling, but I'm still building depth on the engineering and infra side of production ML. I'm looking to grow into a deeper AI/ML system-building role — closer to retrieval, LLMs, and modern ranking systems.","Trivandrum, Kerala",India,6.5,Junior ML Engineer,TCS,10001+,IT Services,"LangChain (intermediate), Sentence Transformers (advanced), Machine Learning (advanced), Diffusion Models (advanced), Kubeflow (advanced), BM25 (advanced), FastAPI (beginner), LoRA (intermediate), TTS (intermediate), Qdrant (intermediate), Weights & Biases (advanced), Reinforcement Learning (advanced), React (beginner), YOLO (intermediate), Hugging Face Transformers (advanced)",Junior ML Engineer at TCS (16 mos) | Junior ML Engineer at Locobuzz (43 mos) | AI Research Engineer at PolicyBazaar (17 mos),B.Tech in Electronics from SRM Chennai | Ph.D in Statistics from Local Engineering College,LangChain for LLM Application Development,91.9,2024-09-15,2026-02-21,True,18,8,0.75,40.1,404,39,90,32.9,32.1,hybrid,True,67.6,43,20,0.66,0.29,True,True,False
CAND_0010541,97,0.5779,"AI Research Engineer with 6.2 YOE based in Hyderabad, Telangana, strong JD alignment via: Pinecone, Weaviate, Data Science.",Meera Krishnan,AI Research Engineer | Data Science & ML enthusiast,"Data scientist / ML engineer with 6.2 years of experience in applied machine learning. Worked across predictive modeling, NLP, analytics, and lightweight deployment workflows. I've spent the last couple of years building NLP-based classification and information extraction pipelines. I'm strongest at the modeling and analysis side; comfortable with Python, scikit-learn, pandas, and standard MLOps tooling, but I'm still building depth on the engineering and infra side of production ML. I want to grow into senior AI engineering — get serious about LLMs and retrieval beyond the surface level.","Hyderabad, Telangana",India,6.2,AI Research Engineer,Wysa,51-200,HealthTech AI,"Pinecone (advanced), GANs (intermediate), Weaviate (advanced), Computer Vision (advanced), TTS (intermediate), MLOps (intermediate), Data Science (advanced), LoRA (intermediate), Python (intermediate), Feature Engineering (intermediate), Java (intermediate), YOLO (intermediate), BM25 (advanced), Qdrant (intermediate), Scrum (beginner), NLP (intermediate)",AI Research Engineer at Wysa (44 mos) | Junior ML Engineer at Wysa (30 mos),B.Tech in Computer Science from VJTI Mumbai | M.Sc in Computer Engineering from Manipal Institute of Technology,Google Cloud Professional ML Engineer,75.3,2024-11-05,2026-03-08,True,155,18,0.59,63.3,677,77,60,19.1,40.8,flexible,False,18.2,212,39,0.87,0.83,False,True,True
CAND_0068570,98,0.5779,"Software Engineer with 6.4 YOE based in Delhi, Delhi (open to relocation), strong JD alignment via: RAG, Apache Beam, Java.",Suresh Mishra,Software Engineer | Full-stack development,"Software engineer with 6.4 years of experience across web, backend, and cloud systems. Strong fundamentals in software development and system design. Most of my work is conventional backend engineering — APIs, databases, queues, deployments. I've been keeping up with AI/ML at a self-learner level — taken some online courses, played with the OpenAI and Anthropic APIs, built a small RAG side project — but I haven't done it in a professional capacity yet. Open to roles where I can either deepen my software engineering work or, if the team is open to it, start contributing to ML-adjacent systems.","Delhi, Delhi",India,6.4,Software Engineer,Globex Inc,501-1000,Manufacturing,"Redis (beginner), Salesforce CRM (beginner), Rust (intermediate), Tally (beginner), Apache Beam (beginner), RAG (advanced), Java (intermediate), AWS (intermediate), dbt (intermediate), gRPC (beginner), CSS (beginner), Marketing (intermediate)",Software Engineer at Globex Inc (31 mos) | Full Stack Developer at Hooli (45 mos),Ph.D in Machine Learning from Generic State University,"Scrum Master Certified, AWS Certified Cloud Practitioner",63.6,2026-02-03,2026-02-09,True,41,8,0.12,80.6,613,51,90,10.0,21.6,remote,True,61.6,149,17,0.92,0.27,True,True,True
CAND_0084005,99,0.5778,"Backend Engineer with 6.1 YOE based in Austin, strong JD alignment via: Learning to Rank, GANs, Prompt Engineering.",Ananya Mehta,Backend Engineer | 6.1+ yrs in data engineering,"Software / data professional with 6.1 years of experience building data pipelines, backend systems, and analytics infrastructure. I'm a backend/data hybrid — Spark, Airflow, SQL warehouses are home territory; I'm building competence on the ML side. My toolkit is solid on the data engineering side — Python, SQL, Spark, Airflow, warehouse design — and I've completed a couple of self-directed ML projects (Kaggle competitions, side projects fine-tuning small models). Interested in transitioning toward more AI/ML-focused work, ideally at a company where I can leverage my existing data-infra skills while learning modern ML practice.",Austin,USA,6.1,Backend Engineer,Pied Piper,11-50,Software,"TTS (advanced), Object Detection (advanced), Tally (intermediate), Scrum (beginner), REST APIs (intermediate), Deep Learning (advanced), OpenCV (advanced), Diffusion Models (advanced), Fine-tuning LLMs (intermediate), Spring Boot (intermediate), Learning to Rank (advanced), Prompt Engineering (advanced), Terraform (beginner), GANs (advanced), Image Classification (advanced), ASR (advanced), Kubernetes (beginner)",Backend Engineer at Pied Piper (44 mos) | Software Engineer at Wayne Enterprises (28 mos),M.Tech in Information Technology from IIIT Hyderabad,,72.0,2025-08-30,2026-03-02,True,99,9,0.53,76.6,47,38,30,27.2,47.9,hybrid,False,59.0,379,12,0.71,-1,True,True,True
CAND_0061969,100,0.5778,"Senior Data Engineer with 6.7 YOE based in Pune, Maharashtra (open to relocation), strong JD alignment via: Weights & Biases, FAISS, Time Series.",Naina Patel,Senior Data Engineer | 6.7+ yrs in data engineering,"Software / data professional with 6.7 years of experience building data pipelines, backend systems, and analytics infrastructure. Most of my work has been data pipelines and analytics infrastructure; I've shipped a couple of small ML features but it's not the core of my day. My toolkit is solid on the data engineering side — Python, SQL, Spark, Airflow, warehouse design — and I've completed a couple of self-directed ML projects (Kaggle competitions, side projects fine-tuning small models). Interested in transitioning toward more AI/ML-focused work, ideally at a company where I can leverage my existing data-infra skills while learning modern ML practice.","Pune, Maharashtra",India,6.7,Senior Data Engineer,Swiggy,5001-10000,Food Delivery,"Photoshop (intermediate), pgvector (intermediate), Reinforcement Learning (advanced), Sales (intermediate), FAISS (advanced), CSS (intermediate), Python (intermediate), Weights & Biases (advanced), TTS (intermediate), Microservices (beginner), Statistical Modeling (intermediate), CNN (intermediate), YOLO (intermediate), Time Series (advanced)",Senior Data Engineer at Swiggy (32 mos) | Analytics Engineer at Meesho (48 mos),B.E. in Chemical Engineering from Lovely Professional University | M.E. in Information Technology from Bharati Vidyapeeth,Scrum Master Certified,45.1,2024-06-19,2026-03-07,True,15,4,0.79,88.3,561,23,90,14.4,25.9,hybrid,True,40.2,397,10,0.9,-1,True,True,True
